batter,venue,dismissals,strike_rate
A Badoni,"Arun Jaitley Stadium, Delhi",1,66.67
A Badoni,"Bharat Ratna Shri Atal Bihari Vajpayee Ekana Cricket Stadium, Lucknow",6,144
A Badoni,"Eden Gardens, Kolkata",2,112.5
A Badoni,"M Chinnaswamy Stadium, Bengaluru",2,111.11
A Badoni,"MA Chidambaram Stadium, Chepauk, Chennai",2,96
A Badoni,"Narendra Modi Stadium, Ahmedabad",1,190.91
A Badoni,"Punjab Cricket Association IS Bindra Stadium, Mohali, Chandigarh",1,182.61
A Badoni,"Rajiv Gandhi International Stadium, Uppal, Hyderabad",0,183.33
A Badoni,"Sawai Mansingh Stadium, Jaipur",2,22.22
A Badoni,"Wankhede Stadium, Mumbai",0,220
A Kamboj,"Eden Gardens, Kolkata",0,100
A Manohar,"Bharat Ratna Shri Atal Bihari Vajpayee Ekana Cricket Stadium, Lucknow",1,60
A Manohar,"Narendra Modi Stadium, Ahmedabad",5,131.46
A Manohar,"Sawai Mansingh Stadium, Jaipur",1,50
A Manohar,"Wankhede Stadium, Mumbai",1,66.67
A Mishra,"Bharat Ratna Shri Atal Bihari Vajpayee Ekana Cricket Stadium, Lucknow",1,63.33
A Nortje,"Arun Jaitley Stadium, Delhi",2,112.5
A Nortje,"Barsapara Cricket Stadium, Guwahati",1,0
A Nortje,"Dr. Y.S. Rajasekhara Reddy ACA-VDCA Cricket Stadium, Visakhapatnam",1,66.67
A Nortje,"M Chinnaswamy Stadium, Bengaluru",0,164.29
A Nortje,"Narendra Modi Stadium, Ahmedabad",0,50
A Nortje,"Rajiv Gandhi International Stadium, Uppal, Hyderabad",0,100
A Raghuvanshi,"Bharat Ratna Shri Atal Bihari Vajpayee Ekana Cricket Stadium, Lucknow",1,123.08
A Raghuvanshi,"Dr. Y.S. Rajasekhara Reddy ACA-VDCA Cricket Stadium, Visakhapatnam",1,200
A Raghuvanshi,"Eden Gardens, Kolkata",3,142.86
A Raghuvanshi,"MA Chidambaram Stadium, Chepauk, Chennai",1,133.33
A Raghuvanshi,"Wankhede Stadium, Mumbai",1,216.67
A Zampa,"MA Chidambaram Stadium, Chepauk, Chennai",1,100
A Zampa,"Sawai Mansingh Stadium, Jaipur",2,60
AA Kulkarni,"Bharat Ratna Shri Atal Bihari Vajpayee Ekana Cricket Stadium, Lucknow",2,112.5
AD Russell,"Arun Jaitley Stadium, Delhi",1,122.58
AD Russell,"Bharat Ratna Shri Atal Bihari Vajpayee Ekana Cricket Stadium, Lucknow",1,150
AD Russell,"Dr. Y.S. Rajasekhara Reddy ACA-VDCA Cricket Stadium, Visakhapatnam",1,215.79
AD Russell,"Eden Gardens, Kolkata",10,165.36
AD Russell,"M Chinnaswamy Stadium, Bengaluru",1,50
AD Russell,"MA Chidambaram Stadium, Chepauk, Chennai",1,72.73
AD Russell,"Narendra Modi Stadium, Ahmedabad",1,50
AD Russell,"Punjab Cricket Association IS Bindra Stadium, Mohali, Chandigarh",1,188.89
AD Russell,"Rajiv Gandhi International Stadium, Uppal, Hyderabad",1,160
AD Russell,"Wankhede Stadium, Mumbai",0,215.38
AJ Hosein,"Arun Jaitley Stadium, Delhi",0,160
AJ Turner,"Bharat Ratna Shri Atal Bihari Vajpayee Ekana Cricket Stadium, Lucknow",2,116.67
AK Markram,"Arun Jaitley Stadium, Delhi",2,56.25
AK Markram,"Bharat Ratna Shri Atal Bihari Vajpayee Ekana Cricket Stadium, Lucknow",1,0
AK Markram,"Eden Gardens, Kolkata",2,174.36
AK Markram,"M Chinnaswamy Stadium, Bengaluru",0,200
AK Markram,"MA Chidambaram Stadium, Chepauk, Chennai",4,104.84
AK Markram,"Maharaja Yadavindra Singh International Cricket Stadium, Mullanpur",1,0
AK Markram,"Narendra Modi Stadium, Ahmedabad",2,93.1
AK Markram,"Rajiv Gandhi International Stadium, Uppal, Hyderabad",7,127.18
AK Markram,"Sawai Mansingh Stadium, Jaipur",1,120
AK Markram,"Wankhede Stadium, Mumbai",0,185.71
AM Rahane,"Bharat Ratna Shri Atal Bihari Vajpayee Ekana Cricket Stadium, Lucknow",1,150
AM Rahane,"Dr. Y.S. Rajasekhara Reddy ACA-VDCA Cricket Stadium, Visakhapatnam",1,150
AM Rahane,"Eden Gardens, Kolkata",0,244.83
AM Rahane,"Himachal Pradesh Cricket Association Stadium, Dharamsala",1,128.57
AM Rahane,"M Chinnaswamy Stadium, Bengaluru",2,166.67
AM Rahane,"MA Chidambaram Stadium, Chepauk, Chennai",11,122.93
AM Rahane,"Narendra Modi Stadium, Ahmedabad",3,155.56
AM Rahane,"Rajiv Gandhi International Stadium, Uppal, Hyderabad",1,116.67
AM Rahane,"Sawai Mansingh Stadium, Jaipur",1,115.38
AM Rahane,"Wankhede Stadium, Mumbai",2,188.57
AR Patel,"Arun Jaitley Stadium, Delhi",7,155.56
AR Patel,"Barsapara Cricket Stadium, Guwahati",1,33.33
AR Patel,"Bharat Ratna Shri Atal Bihari Vajpayee Ekana Cricket Stadium, Lucknow",1,145.45
AR Patel,"Dr. Y.S. Rajasekhara Reddy ACA-VDCA Cricket Stadium, Visakhapatnam",1,77.78
AR Patel,"Eden Gardens, Kolkata",1,71.43
AR Patel,"M Chinnaswamy Stadium, Bengaluru",3,147.17
AR Patel,"MA Chidambaram Stadium, Chepauk, Chennai",1,175
AR Patel,"Maharaja Yadavindra Singh International Cricket Stadium, Mullanpur",1,161.54
AR Patel,"Narendra Modi Stadium, Ahmedabad",1,90
AR Patel,"Rajiv Gandhi International Stadium, Uppal, Hyderabad",1,100
AR Patel,"Sawai Mansingh Stadium, Jaipur",0,115.38
AR Patel,"Wankhede Stadium, Mumbai",1,114.29
AS Joseph,"Wankhede Stadium, Mumbai",0,58.33
AS Roy,"Arun Jaitley Stadium, Delhi",1,0
AS Roy,"Eden Gardens, Kolkata",0,100
AS Roy,"MA Chidambaram Stadium, Chepauk, Chennai",0,100
AS Roy,"Punjab Cricket Association IS Bindra Stadium, Mohali, Chandigarh",1,80
AS Roy,"Rajiv Gandhi International Stadium, Uppal, Hyderabad",0,185.71
AT Rayudu,"M Chinnaswamy Stadium, Bengaluru",1,233.33
AT Rayudu,"MA Chidambaram Stadium, Chepauk, Chennai",6,134.78
AT Rayudu,"Narendra Modi Stadium, Ahmedabad",2,155
AT Rayudu,"Sawai Mansingh Stadium, Jaipur",1,0
AT Rayudu,"Wankhede Stadium, Mumbai",0,125
AU Rashid,"Bharat Ratna Shri Atal Bihari Vajpayee Ekana Cricket Stadium, Lucknow",1,133.33
AU Rashid,"Rajiv Gandhi International Stadium, Uppal, Hyderabad",1,141.67
Abdul Basith,"M Chinnaswamy Stadium, Bengaluru",0,100
Abdul Samad,"Arun Jaitley Stadium, Delhi",2,141.38
Abdul Samad,"Bharat Ratna Shri Atal Bihari Vajpayee Ekana Cricket Stadium, Lucknow",1,210
Abdul Samad,"Eden Gardens, Kolkata",1,136.36
Abdul Samad,"M Chinnaswamy Stadium, Bengaluru",0,370
Abdul Samad,"MA Chidambaram Stadium, Chepauk, Chennai",3,100
Abdul Samad,"Maharaja Yadavindra Singh International Cricket Stadium, Mullanpur",1,208.33
Abdul Samad,"Narendra Modi Stadium, Ahmedabad",3,168.97
Abdul Samad,"Rajiv Gandhi International Stadium, Uppal, Hyderabad",3,116.16
Abdul Samad,"Sawai Mansingh Stadium, Jaipur",0,283.33
Abdul Samad,"Wankhede Stadium, Mumbai",1,75
Abhishek Sharma,"Arun Jaitley Stadium, Delhi",2,235.42
Abhishek Sharma,"Eden Gardens, Kolkata",2,177.78
Abhishek Sharma,"M Chinnaswamy Stadium, Bengaluru",1,154.55
Abhishek Sharma,"MA Chidambaram Stadium, Chepauk, Chennai",4,140
Abhishek Sharma,"Maharaja Yadavindra Singh International Cricket Stadium, Mullanpur",1,145.45
Abhishek Sharma,"Narendra Modi Stadium, Ahmedabad",3,127.59
Abhishek Sharma,"Rajiv Gandhi International Stadium, Uppal, Hyderabad",11,206.67
Abhishek Sharma,"Sawai Mansingh Stadium, Jaipur",1,161.76
Abhishek Sharma,"Wankhede Stadium, Mumbai",1,68.75
Abishek Porel,"Arun Jaitley Stadium, Delhi",6,168.18
Abishek Porel,"Barsapara Cricket Stadium, Guwahati",1,77.78
Abishek Porel,"Dr. Y.S. Rajasekhara Reddy ACA-VDCA Cricket Stadium, Visakhapatnam",1,80
Abishek Porel,"Eden Gardens, Kolkata",1,120
Abishek Porel,"M Chinnaswamy Stadium, Bengaluru",2,63.64
Abishek Porel,"Maharaja Yadavindra Singh International Cricket Stadium, Mullanpur",1,320
Abishek Porel,"Narendra Modi Stadium, Ahmedabad",1,214.29
Abishek Porel,"Sawai Mansingh Stadium, Jaipur",1,90
Abishek Porel,"Wankhede Stadium, Mumbai",1,132.26
Akash Deep,"Eden Gardens, Kolkata",1,212.5
Akash Deep,"Wankhede Stadium, Mumbai",0,100
Akash Madhwal,"Wankhede Stadium, Mumbai",0,80
Aman Hakim Khan,"Arun Jaitley Stadium, Delhi",4,83.78
Aman Hakim Khan,"Bharat Ratna Shri Atal Bihari Vajpayee Ekana Cricket Stadium, Lucknow",1,80
Aman Hakim Khan,"M Chinnaswamy Stadium, Bengaluru",1,180
Aman Hakim Khan,"MA Chidambaram Stadium, Chepauk, Chennai",0,66.67
Aman Hakim Khan,"Narendra Modi Stadium, Ahmedabad",1,115.91
Aman Hakim Khan,"Rajiv Gandhi International Stadium, Uppal, Hyderabad",1,200
Anmolpreet Singh,"Bharat Ratna Shri Atal Bihari Vajpayee Ekana Cricket Stadium, Lucknow",1,119.23
Anmolpreet Singh,"MA Chidambaram Stadium, Chepauk, Chennai",1,0
Anmolpreet Singh,"Narendra Modi Stadium, Ahmedabad",1,125
Anmolpreet Singh,"Rajiv Gandhi International Stadium, Uppal, Hyderabad",2,128.12
Anmolpreet Singh,"Sawai Mansingh Stadium, Jaipur",1,132
Anuj Rawat,"Arun Jaitley Stadium, Delhi",0,266.67
Anuj Rawat,"Bharat Ratna Shri Atal Bihari Vajpayee Ekana Cricket Stadium, Lucknow",1,81.82
Anuj Rawat,"Eden Gardens, Kolkata",1,20
Anuj Rawat,"M Chinnaswamy Stadium, Bengaluru",3,98.88
Anuj Rawat,"MA Chidambaram Stadium, Chepauk, Chennai",0,192
Anuj Rawat,"Sawai Mansingh Stadium, Jaipur",0,263.64
Anuj Rawat,"Wankhede Stadium, Mumbai",1,150
Arjun Tendulkar,"Narendra Modi Stadium, Ahmedabad",1,144.44
Arshad Khan,"Arun Jaitley Stadium, Delhi",1,175.76
Arshad Khan,"Bharat Ratna Shri Atal Bihari Vajpayee Ekana Cricket Stadium, Lucknow",0,125
Arshad Khan,"M Chinnaswamy Stadium, Bengaluru",0,166.67
Arshad Khan,"MA Chidambaram Stadium, Chepauk, Chennai",1,50
Arshad Khan,"Wankhede Stadium, Mumbai",2,40
Arshad Khan (2),"Eden Gardens, Kolkata",1,125
Arshdeep Singh,"Himachal Pradesh Cricket Association Stadium, Dharamsala",1,133.33
Arshdeep Singh,"Punjab Cricket Association IS Bindra Stadium, Mohali, Chandigarh",0,100
Ashutosh Sharma,"Barsapara Cricket Stadium, Guwahati",0,154.55
Ashutosh Sharma,"Himachal Pradesh Cricket Association Stadium, Dharamsala",2,73.33
Ashutosh Sharma,"Maharaja Yadavindra Singh International Cricket Stadium, Mullanpur",4,190.62
Ashutosh Sharma,"Narendra Modi Stadium, Ahmedabad",1,182.35
Ashutosh Sharma,"Rajiv Gandhi International Stadium, Uppal, Hyderabad",1,66.67
Atharva Taide,"Bharat Ratna Shri Atal Bihari Vajpayee Ekana Cricket Stadium, Lucknow",1,0
Atharva Taide,"Himachal Pradesh Cricket Association Stadium, Dharamsala",1,137.04
Atharva Taide,"MA Chidambaram Stadium, Chepauk, Chennai",1,76.47
Atharva Taide,"Maharaja Yadavindra Singh International Cricket Stadium, Mullanpur",1,125
Atharva Taide,"Punjab Cricket Association IS Bindra Stadium, Mohali, Chandigarh",2,184.21
Atharva Taide,"Rajiv Gandhi International Stadium, Uppal, Hyderabad",1,170.37
Atharva Taide,"Wankhede Stadium, Mumbai",1,170.59
Avesh Khan,"Arun Jaitley Stadium, Delhi",0,233.33
Avesh Khan,"Barsapara Cricket Stadium, Guwahati",0,150
Avesh Khan,"M Chinnaswamy Stadium, Bengaluru",0,0
Azmatullah Omarzai,"Arun Jaitley Stadium, Delhi",1,50
Azmatullah Omarzai,"MA Chidambaram Stadium, Chepauk, Chennai",1,110
Azmatullah Omarzai,"Maharaja Yadavindra Singh International Cricket Stadium, Mullanpur",1,130
Azmatullah Omarzai,"Narendra Modi Stadium, Ahmedabad",1,154.55
B Kumar,"MA Chidambaram Stadium, Chepauk, Chennai",0,100
B Kumar,"Maharaja Yadavindra Singh International Cricket Stadium, Mullanpur",1,75
B Kumar,"Narendra Modi Stadium, Ahmedabad",2,90
B Kumar,"Rajiv Gandhi International Stadium, Uppal, Hyderabad",3,82.35
B Sai Sudharsan,"Arun Jaitley Stadium, Delhi",1,145.98
B Sai Sudharsan,"Bharat Ratna Shri Atal Bihari Vajpayee Ekana Cricket Stadium, Lucknow",1,128.57
B Sai Sudharsan,"M Chinnaswamy Stadium, Bengaluru",1,42.86
B Sai Sudharsan,"MA Chidambaram Stadium, Chepauk, Chennai",1,119.35
B Sai Sudharsan,"Maharaja Yadavindra Singh International Cricket Stadium, Mullanpur",1,91.18
B Sai Sudharsan,"Narendra Modi Stadium, Ahmedabad",10,154.15
B Sai Sudharsan,"Punjab Cricket Association IS Bindra Stadium, Mohali, Chandigarh",1,95
B Sai Sudharsan,"Sawai Mansingh Stadium, Jaipur",1,120.69
BA Stokes,"MA Chidambaram Stadium, Chepauk, Chennai",1,100
BA Stokes,"Narendra Modi Stadium, Ahmedabad",1,116.67
BR Sharath,"Bharat Ratna Shri Atal Bihari Vajpayee Ekana Cricket Stadium, Lucknow",1,40
C Green,"Arun Jaitley Stadium, Delhi",0,212.5
C Green,"Bharat Ratna Shri Atal Bihari Vajpayee Ekana Cricket Stadium, Lucknow",0,66.67
C Green,"Eden Gardens, Kolkata",1,150
C Green,"Himachal Pradesh Cricket Association Stadium, Dharamsala",1,170.37
C Green,"M Chinnaswamy Stadium, Bengaluru",7,147.56
C Green,"MA Chidambaram Stadium, Chepauk, Chennai",3,132.65
C Green,"Narendra Modi Stadium, Ahmedabad",3,134.85
C Green,"Punjab Cricket Association IS Bindra Stadium, Mohali, Chandigarh",1,127.78
C Green,"Rajiv Gandhi International Stadium, Uppal, Hyderabad",1,168.33
C Green,"Sawai Mansingh Stadium, Jaipur",0,83.33
C Green,"Wankhede Stadium, Mumbai",3,169.47
C Sakariya,"Arun Jaitley Stadium, Delhi",0,0
C Sakariya,"Bharat Ratna Shri Atal Bihari Vajpayee Ekana Cricket Stadium, Lucknow",1,100
CJ Jordan,"MA Chidambaram Stadium, Chepauk, Chennai",1,57.14
CJ Jordan,"Narendra Modi Stadium, Ahmedabad",1,40
CV Varun,"Arun Jaitley Stadium, Delhi",0,16.67
CV Varun,"Eden Gardens, Kolkata",0,0
D Brevis,"Narendra Modi Stadium, Ahmedabad",1,121.05
D Brevis,"Wankhede Stadium, Mumbai",2,109.52
D Ferreira,"Arun Jaitley Stadium, Delhi",1,33.33
D Ferreira,"Barsapara Cricket Stadium, Guwahati",1,87.5
D Padikkal,"Barsapara Cricket Stadium, Guwahati",1,80.77
D Padikkal,"Bharat Ratna Shri Atal Bihari Vajpayee Ekana Cricket Stadium, Lucknow",3,100
D Padikkal,"Himachal Pradesh Cricket Association Stadium, Dharamsala",1,170
D Padikkal,"M Chinnaswamy Stadium, Bengaluru",2,128.89
D Padikkal,"MA Chidambaram Stadium, Chepauk, Chennai",2,113.64
D Padikkal,"Narendra Modi Stadium, Ahmedabad",1,104
D Padikkal,"Rajiv Gandhi International Stadium, Uppal, Hyderabad",1,40
D Padikkal,"Sawai Mansingh Stadium, Jaipur",4,130.19
D Padikkal,"Wankhede Stadium, Mumbai",2,40
D Wiese,"Eden Gardens, Kolkata",1,112.5
D Wiese,"M Chinnaswamy Stadium, Bengaluru",0,400
DA Miller,"Arun Jaitley Stadium, Delhi",1,220.51
DA Miller,"Bharat Ratna Shri Atal Bihari Vajpayee Ekana Cricket Stadium, Lucknow",1,50
DA Miller,"Eden Gardens, Kolkata",0,177.78
DA Miller,"M Chinnaswamy Stadium, Bengaluru",2,133.33
DA Miller,"MA Chidambaram Stadium, Chepauk, Chennai",2,113.64
DA Miller,"Maharaja Yadavindra Singh International Cricket Stadium, Mullanpur",1,66.67
DA Miller,"Narendra Modi Stadium, Ahmedabad",7,148.99
DA Miller,"Punjab Cricket Association IS Bindra Stadium, Mohali, Chandigarh",0,94.44
DA Miller,"Wankhede Stadium, Mumbai",1,157.69
DA Warner,"Arun Jaitley Stadium, Delhi",8,137.5
DA Warner,"Barsapara Cricket Stadium, Guwahati",1,120.37
DA Warner,"Bharat Ratna Shri Atal Bihari Vajpayee Ekana Cricket Stadium, Lucknow",2,112.28
DA Warner,"Dr. Y.S. Rajasekhara Reddy ACA-VDCA Cricket Stadium, Visakhapatnam",2,145.83
DA Warner,"Himachal Pradesh Cricket Association Stadium, Dharamsala",1,148.39
DA Warner,"M Chinnaswamy Stadium, Bengaluru",2,133.33
DA Warner,"MA Chidambaram Stadium, Chepauk, Chennai",1,0
DA Warner,"Maharaja Yadavindra Singh International Cricket Stadium, Mullanpur",1,138.1
DA Warner,"Narendra Modi Stadium, Ahmedabad",0,100
DA Warner,"Rajiv Gandhi International Stadium, Uppal, Hyderabad",1,105
DA Warner,"Sawai Mansingh Stadium, Jaipur",1,144.12
DA Warner,"Wankhede Stadium, Mumbai",1,125
DG Nalkande,"Bharat Ratna Shri Atal Bihari Vajpayee Ekana Cricket Stadium, Lucknow",1,109.09
DG Nalkande,"MA Chidambaram Stadium, Chepauk, Chennai",1,0
DJ Hooda,"Arun Jaitley Stadium, Delhi",1,0
DJ Hooda,"Bharat Ratna Shri Atal Bihari Vajpayee Ekana Cricket Stadium, Lucknow",11,111.43
DJ Hooda,"Eden Gardens, Kolkata",1,80
DJ Hooda,"M Chinnaswamy Stadium, Bengaluru",1,90
DJ Hooda,"MA Chidambaram Stadium, Chepauk, Chennai",1,136
DJ Hooda,"Narendra Modi Stadium, Ahmedabad",1,100
DJ Hooda,"Punjab Cricket Association IS Bindra Stadium, Mohali, Chandigarh",0,183.33
DJ Hooda,"Sawai Mansingh Stadium, Jaipur",2,164.71
DJ Hooda,"Wankhede Stadium, Mumbai",1,122.22
DJ Mitchell,"Dr. Y.S. Rajasekhara Reddy ACA-VDCA Cricket Stadium, Visakhapatnam",1,130.77
DJ Mitchell,"Himachal Pradesh Cricket Association Stadium, Dharamsala",1,157.89
DJ Mitchell,"M Chinnaswamy Stadium, Bengaluru",1,66.67
DJ Mitchell,"MA Chidambaram Stadium, Chepauk, Chennai",5,138.94
DJ Mitchell,"Narendra Modi Stadium, Ahmedabad",1,185.29
DJ Mitchell,"Rajiv Gandhi International Stadium, Uppal, Hyderabad",1,118.18
DJ Mitchell,"Wankhede Stadium, Mumbai",1,121.43
DJ Willey,"Eden Gardens, Kolkata",0,100
DJ Willey,"M Chinnaswamy Stadium, Bengaluru",0,125
DL Chahar,"MA Chidambaram Stadium, Chepauk, Chennai",0,50
DP Conway,"Arun Jaitley Stadium, Delhi",1,170.59
DP Conway,"Eden Gardens, Kolkata",1,140
DP Conway,"M Chinnaswamy Stadium, Bengaluru",1,184.44
DP Conway,"MA Chidambaram Stadium, Chepauk, Chennai",7,133.22
DP Conway,"Narendra Modi Stadium, Ahmedabad",2,154.84
DP Conway,"Sawai Mansingh Stadium, Jaipur",1,50
DP Conway,"Wankhede Stadium, Mumbai",1,0
Dhruv Jurel,"Barsapara Cricket Stadium, Guwahati",1,210.53
Dhruv Jurel,"Bharat Ratna Shri Atal Bihari Vajpayee Ekana Cricket Stadium, Lucknow",0,152.94
Dhruv Jurel,"Eden Gardens, Kolkata",1,50
Dhruv Jurel,"Himachal Pradesh Cricket Association Stadium, Dharamsala",0,250
Dhruv Jurel,"M Chinnaswamy Stadium, Bengaluru",0,212.5
Dhruv Jurel,"MA Chidambaram Stadium, Chepauk, Chennai",2,149.15
Dhruv Jurel,"Maharaja Yadavindra Singh International Cricket Stadium, Mullanpur",1,54.55
Dhruv Jurel,"Narendra Modi Stadium, Ahmedabad",1,144.44
Dhruv Jurel,"Rajiv Gandhi International Stadium, Uppal, Hyderabad",1,33.33
Dhruv Jurel,"Sawai Mansingh Stadium, Jaipur",5,148.28
Dhruv Jurel,"Wankhede Stadium, Mumbai",1,66.67
F du Plessis,"Arun Jaitley Stadium, Delhi",1,140.62
F du Plessis,"Bharat Ratna Shri Atal Bihari Vajpayee Ekana Cricket Stadium, Lucknow",1,110
F du Plessis,"Eden Gardens, Kolkata",2,157.89
F du Plessis,"Himachal Pradesh Cricket Association Stadium, Dharamsala",1,128.57
F du Plessis,"M Chinnaswamy Stadium, Bengaluru",13,171.47
F du Plessis,"MA Chidambaram Stadium, Chepauk, Chennai",1,152.17
F du Plessis,"Narendra Modi Stadium, Ahmedabad",2,157.69
F du Plessis,"Punjab Cricket Association IS Bindra Stadium, Mohali, Chandigarh",1,152.73
F du Plessis,"Rajiv Gandhi International Stadium, Uppal, Hyderabad",2,165.52
F du Plessis,"Sawai Mansingh Stadium, Jaipur",2,128.57
F du Plessis,"Wankhede Stadium, Mumbai",2,155
Fazalhaq Farooqi,"Narendra Modi Stadium, Ahmedabad",0,20
G Coetzee,"Bharat Ratna Shri Atal Bihari Vajpayee Ekana Cricket Stadium, Lucknow",0,50
G Coetzee,"Narendra Modi Stadium, Ahmedabad",1,33.33
G Coetzee,"Sawai Mansingh Stadium, Jaipur",1,0
G Coetzee,"Wankhede Stadium, Mumbai",2,75
GD Phillips,"Rajiv Gandhi International Stadium, Uppal, Hyderabad",3,118.18
GD Phillips,"Sawai Mansingh Stadium, Jaipur",1,357.14
GD Phillips,"Wankhede Stadium, Mumbai",1,25
GJ Maxwell,"Arun Jaitley Stadium, Delhi",1,0
GJ Maxwell,"Bharat Ratna Shri Atal Bihari Vajpayee Ekana Cricket Stadium, Lucknow",1,80
GJ Maxwell,"Eden Gardens, Kolkata",1,71.43
GJ Maxwell,"M Chinnaswamy Stadium, Bengaluru",11,186.39
GJ Maxwell,"MA Chidambaram Stadium, Chepauk, Chennai",1,0
GJ Maxwell,"Narendra Modi Stadium, Ahmedabad",1,0
GJ Maxwell,"Punjab Cricket Association IS Bindra Stadium, Mohali, Chandigarh",1,0
GJ Maxwell,"Rajiv Gandhi International Stadium, Uppal, Hyderabad",0,166.67
GJ Maxwell,"Sawai Mansingh Stadium, Jaipur",2,152.78
GJ Maxwell,"Wankhede Stadium, Mumbai",2,183.78
Gulbadin Naib,"Arun Jaitley Stadium, Delhi",1,126.67
H Klaasen,"Arun Jaitley Stadium, Delhi",1,194.12
H Klaasen,"Eden Gardens, Kolkata",1,225.71
H Klaasen,"M Chinnaswamy Stadium, Bengaluru",1,216.13
H Klaasen,"MA Chidambaram Stadium, Chepauk, Chennai",4,117.05
H Klaasen,"Maharaja Yadavindra Singh International Cricket Stadium, Mullanpur",1,100
H Klaasen,"Narendra Modi Stadium, Ahmedabad",3,154.55
H Klaasen,"Rajiv Gandhi International Stadium, Uppal, Hyderabad",7,191.59
H Klaasen,"Sawai Mansingh Stadium, Jaipur",1,216.67
H Klaasen,"Wankhede Stadium, Mumbai",2,118.75
HC Brook,"Arun Jaitley Stadium, Delhi",1,0
HC Brook,"Bharat Ratna Shri Atal Bihari Vajpayee Ekana Cricket Stadium, Lucknow",1,75
HC Brook,"Eden Gardens, Kolkata",0,177.78
HC Brook,"MA Chidambaram Stadium, Chepauk, Chennai",1,138.46
HC Brook,"Rajiv Gandhi International Stadium, Uppal, Hyderabad",5,87.34
HC Brook,"Wankhede Stadium, Mumbai",1,0
HH Pandya,"Arun Jaitley Stadium, Delhi",2,185.19
HH Pandya,"Bharat Ratna Shri Atal Bihari Vajpayee Ekana Cricket Stadium, Lucknow",2,129.41
HH Pandya,"Eden Gardens, Kolkata",2,116.67
HH Pandya,"MA Chidambaram Stadium, Chepauk, Chennai",1,114.29
HH Pandya,"Maharaja Yadavindra Singh International Cricket Stadium, Mullanpur",1,166.67
HH Pandya,"Narendra Modi Stadium, Ahmedabad",6,134.93
HH Pandya,"Punjab Cricket Association IS Bindra Stadium, Mohali, Chandigarh",1,72.73
HH Pandya,"Rajiv Gandhi International Stadium, Uppal, Hyderabad",1,120
HH Pandya,"Sawai Mansingh Stadium, Jaipur",1,196
HH Pandya,"Wankhede Stadium, Mumbai",6,137.65
HR Shokeen,"M Chinnaswamy Stadium, Bengaluru",1,166.67
HR Shokeen,"MA Chidambaram Stadium, Chepauk, Chennai",0,0
HR Shokeen,"Wankhede Stadium, Mumbai",0,138.46
HV Patel,"Eden Gardens, Kolkata",1,0
HV Patel,"Himachal Pradesh Cricket Association Stadium, Dharamsala",2,85.71
HV Patel,"M Chinnaswamy Stadium, Bengaluru",1,150
HV Patel,"Maharaja Yadavindra Singh International Cricket Stadium, Mullanpur",1,20
Harpreet Brar,"Arun Jaitley Stadium, Delhi",1,40
Harpreet Brar,"Bharat Ratna Shri Atal Bihari Vajpayee Ekana Cricket Stadium, Lucknow",1,150
Harpreet Brar,"Eden Gardens, Kolkata",0,188.89
Harpreet Brar,"Himachal Pradesh Cricket Association Stadium, Dharamsala",1,121.43
Harpreet Brar,"M Chinnaswamy Stadium, Bengaluru",0,100
Harpreet Brar,"Maharaja Yadavindra Singh International Cricket Stadium, Mullanpur",2,148.65
Harpreet Brar,"Narendra Modi Stadium, Ahmedabad",0,50
Harpreet Brar,"Punjab Cricket Association IS Bindra Stadium, Mohali, Chandigarh",2,116.67
Harpreet Brar,"Rajiv Gandhi International Stadium, Uppal, Hyderabad",1,50
Harpreet Brar,"Wankhede Stadium, Mumbai",1,250
Harpreet Singh,"Bharat Ratna Shri Atal Bihari Vajpayee Ekana Cricket Stadium, Lucknow",1,100
Harpreet Singh,"Maharaja Yadavindra Singh International Cricket Stadium, Mullanpur",2,79.41
Harpreet Singh,"Punjab Cricket Association IS Bindra Stadium, Mohali, Chandigarh",0,144.44
Harpreet Singh,"Wankhede Stadium, Mumbai",1,137.04
Harshit Rana,"Rajiv Gandhi International Stadium, Uppal, Hyderabad",1,0
I Sharma,"Dr. Y.S. Rajasekhara Reddy ACA-VDCA Cricket Stadium, Visakhapatnam",0,33.33
I Sharma,"M Chinnaswamy Stadium, Bengaluru",0,0
I Sharma,"Rajiv Gandhi International Stadium, Uppal, Hyderabad",0,100
Ishan Kishan,"Arun Jaitley Stadium, Delhi",2,127.5
Ishan Kishan,"Bharat Ratna Shri Atal Bihari Vajpayee Ekana Cricket Stadium, Lucknow",2,121.62
Ishan Kishan,"Eden Gardens, Kolkata",1,181.82
Ishan Kishan,"M Chinnaswamy Stadium, Bengaluru",1,76.92
Ishan Kishan,"MA Chidambaram Stadium, Chepauk, Chennai",2,104.76
Ishan Kishan,"Maharaja Yadavindra Singh International Cricket Stadium, Mullanpur",1,100
Ishan Kishan,"Narendra Modi Stadium, Ahmedabad",2,52
Ishan Kishan,"Punjab Cricket Association IS Bindra Stadium, Mohali, Chandigarh",1,182.93
Ishan Kishan,"Rajiv Gandhi International Stadium, Uppal, Hyderabad",2,163.64
Ishan Kishan,"Sawai Mansingh Stadium, Jaipur",1,0
Ishan Kishan,"Wankhede Stadium, Mumbai",14,162.66
J Fraser-McGurk,"Arun Jaitley Stadium, Delhi",5,270
J Fraser-McGurk,"Bharat Ratna Shri Atal Bihari Vajpayee Ekana Cricket Stadium, Lucknow",1,157.14
J Fraser-McGurk,"Eden Gardens, Kolkata",1,200
J Fraser-McGurk,"M Chinnaswamy Stadium, Bengaluru",0,262.5
J Fraser-McGurk,"Narendra Modi Stadium, Ahmedabad",1,200
JA Richardson,"Wankhede Stadium, Mumbai",1,100
JC Archer,"MA Chidambaram Stadium, Chepauk, Chennai",0,150
JC Archer,"Wankhede Stadium, Mumbai",0,50
JC Buttler,"Arun Jaitley Stadium, Delhi",1,111.76
JC Buttler,"Barsapara Cricket Stadium, Guwahati",2,158.06
JC Buttler,"Bharat Ratna Shri Atal Bihari Vajpayee Ekana Cricket Stadium, Lucknow",1,188.89
JC Buttler,"Eden Gardens, Kolkata",2,172.58
JC Buttler,"Himachal Pradesh Cricket Association Stadium, Dharamsala",1,0
JC Buttler,"M Chinnaswamy Stadium, Bengaluru",1,0
JC Buttler,"MA Chidambaram Stadium, Chepauk, Chennai",2,119.67
JC Buttler,"Narendra Modi Stadium, Ahmedabad",1,0
JC Buttler,"Rajiv Gandhi International Stadium, Uppal, Hyderabad",2,234.78
JC Buttler,"Sawai Mansingh Stadium, Jaipur",10,134.55
JC Buttler,"Wankhede Stadium, Mumbai",2,88.57
JD Unadkat,"M Chinnaswamy Stadium, Bengaluru",1,128.57
JD Unadkat,"MA Chidambaram Stadium, Chepauk, Chennai",2,66.67
JD Unadkat,"Maharaja Yadavindra Singh International Cricket Stadium, Mullanpur",0,600
JD Unadkat,"Rajiv Gandhi International Stadium, Uppal, Hyderabad",0,80
JE Root,"Sawai Mansingh Stadium, Jaipur",1,66.67
JJ Bumrah,"Narendra Modi Stadium, Ahmedabad",0,100
JJ Bumrah,"Sawai Mansingh Stadium, Jaipur",0,200
JJ Bumrah,"Wankhede Stadium, Mumbai",0,90
JJ Roy,"Arun Jaitley Stadium, Delhi",1,110.26
JJ Roy,"Eden Gardens, Kolkata",4,179.07
JJ Roy,"M Chinnaswamy Stadium, Bengaluru",1,193.1
JJ Roy,"MA Chidambaram Stadium, Chepauk, Chennai",1,80
JJ Roy,"Rajiv Gandhi International Stadium, Uppal, Hyderabad",1,111.11
JM Bairstow,"Barsapara Cricket Stadium, Guwahati",1,63.64
JM Bairstow,"Bharat Ratna Shri Atal Bihari Vajpayee Ekana Cricket Stadium, Lucknow",1,144.83
JM Bairstow,"Eden Gardens, Kolkata",1,225
JM Bairstow,"Himachal Pradesh Cricket Association Stadium, Dharamsala",2,154.55
JM Bairstow,"M Chinnaswamy Stadium, Bengaluru",1,133.33
JM Bairstow,"MA Chidambaram Stadium, Chepauk, Chennai",1,153.33
JM Bairstow,"Maharaja Yadavindra Singh International Cricket Stadium, Mullanpur",2,96
JM Bairstow,"Narendra Modi Stadium, Ahmedabad",1,169.23
JM Sharma,"Arun Jaitley Stadium, Delhi",1,100
JM Sharma,"Barsapara Cricket Stadium, Guwahati",2,136.11
JM Sharma,"Bharat Ratna Shri Atal Bihari Vajpayee Ekana Cricket Stadium, Lucknow",2,61.54
JM Sharma,"Eden Gardens, Kolkata",1,116.67
JM Sharma,"Himachal Pradesh Cricket Association Stadium, Dharamsala",4,136.11
JM Sharma,"M Chinnaswamy Stadium, Bengaluru",1,135
JM Sharma,"MA Chidambaram Stadium, Chepauk, Chennai",1,210
JM Sharma,"Maharaja Yadavindra Singh International Cricket Stadium, Mullanpur",5,121.54
JM Sharma,"Narendra Modi Stadium, Ahmedabad",1,200
JM Sharma,"Punjab Cricket Association IS Bindra Stadium, Mohali, Chandigarh",4,159.38
JM Sharma,"Rajiv Gandhi International Stadium, Uppal, Hyderabad",1,150
JM Sharma,"Wankhede Stadium, Mumbai",1,357.14
JO Holder,"Barsapara Cricket Stadium, Guwahati",0,100
JO Holder,"MA Chidambaram Stadium, Chepauk, Chennai",1,0
JO Holder,"Wankhede Stadium, Mumbai",1,122.22
JP Behrendorff,"Narendra Modi Stadium, Ahmedabad",0,66.67
JR Hazlewood,"Bharat Ratna Shri Atal Bihari Vajpayee Ekana Cricket Stadium, Lucknow",0,50
K Gowtham,"Bharat Ratna Shri Atal Bihari Vajpayee Ekana Cricket Stadium, Lucknow",3,163.16
K Gowtham,"Eden Gardens, Kolkata",0,275
K Gowtham,"MA Chidambaram Stadium, Chepauk, Chennai",1,135.71
K Kartikeya,"Narendra Modi Stadium, Ahmedabad",1,85.71
K Rabada,"Bharat Ratna Shri Atal Bihari Vajpayee Ekana Cricket Stadium, Lucknow",0,0
K Rabada,"Himachal Pradesh Cricket Association Stadium, Dharamsala",0,110
K Rabada,"Maharaja Yadavindra Singh International Cricket Stadium, Mullanpur",1,225
K Rabada,"Punjab Cricket Association IS Bindra Stadium, Mohali, Chandigarh",1,0
KA Maharaj,"Maharaja Yadavindra Singh International Cricket Stadium, Mullanpur",1,50
KD Karthik,"Arun Jaitley Stadium, Delhi",1,122.22
KD Karthik,"Bharat Ratna Shri Atal Bihari Vajpayee Ekana Cricket Stadium, Lucknow",0,145.45
KD Karthik,"Eden Gardens, Kolkata",2,130.77
KD Karthik,"Himachal Pradesh Cricket Association Stadium, Dharamsala",1,233.33
KD Karthik,"M Chinnaswamy Stadium, Bengaluru",11,179.55
KD Karthik,"MA Chidambaram Stadium, Chepauk, Chennai",1,146.15
KD Karthik,"Narendra Modi Stadium, Ahmedabad",1,84.62
KD Karthik,"Punjab Cricket Association IS Bindra Stadium, Mohali, Chandigarh",1,140
KD Karthik,"Rajiv Gandhi International Stadium, Uppal, Hyderabad",1,183.33
KD Karthik,"Sawai Mansingh Stadium, Jaipur",1,0
KD Karthik,"Wankhede Stadium, Mumbai",1,202.44
KH Pandya,"Arun Jaitley Stadium, Delhi",1,100
KH Pandya,"Bharat Ratna Shri Atal Bihari Vajpayee Ekana Cricket Stadium, Lucknow",8,126.14
KH Pandya,"Eden Gardens, Kolkata",1,100
KH Pandya,"M Chinnaswamy Stadium, Bengaluru",1,0
KH Pandya,"MA Chidambaram Stadium, Chepauk, Chennai",2,85
KH Pandya,"Narendra Modi Stadium, Ahmedabad",1,0
KH Pandya,"Punjab Cricket Association IS Bindra Stadium, Mohali, Chandigarh",0,250
KH Pandya,"Rajiv Gandhi International Stadium, Uppal, Hyderabad",1,114.29
KH Pandya,"Sawai Mansingh Stadium, Jaipur",1,100
KH Pandya,"Wankhede Stadium, Mumbai",0,171.43
KL Rahul,"Arun Jaitley Stadium, Delhi",1,166.67
KL Rahul,"Bharat Ratna Shri Atal Bihari Vajpayee Ekana Cricket Stadium, Lucknow",11,129.97
KL Rahul,"Eden Gardens, Kolkata",1,150
KL Rahul,"M Chinnaswamy Stadium, Bengaluru",2,111.76
KL Rahul,"MA Chidambaram Stadium, Chepauk, Chennai",2,112.5
KL Rahul,"Punjab Cricket Association IS Bindra Stadium, Mohali, Chandigarh",1,133.33
KL Rahul,"Rajiv Gandhi International Stadium, Uppal, Hyderabad",1,87.88
KL Rahul,"Sawai Mansingh Stadium, Jaipur",2,127.63
KL Rahul,"Wankhede Stadium, Mumbai",1,134.15
KM Asif,"Sawai Mansingh Stadium, Jaipur",1,0
KM Jadhav,"Wankhede Stadium, Mumbai",0,120
KR Mayers,"Bharat Ratna Shri Atal Bihari Vajpayee Ekana Cricket Stadium, Lucknow",6,135.4
KR Mayers,"M Chinnaswamy Stadium, Bengaluru",1,0
KR Mayers,"MA Chidambaram Stadium, Chepauk, Chennai",2,215.15
KR Mayers,"Narendra Modi Stadium, Ahmedabad",1,150
KR Mayers,"Punjab Cricket Association IS Bindra Stadium, Mohali, Chandigarh",1,218.18
KR Mayers,"Rajiv Gandhi International Stadium, Uppal, Hyderabad",1,14.29
KR Mayers,"Sawai Mansingh Stadium, Jaipur",1,124.39
KS Sharma,"Bharat Ratna Shri Atal Bihari Vajpayee Ekana Cricket Stadium, Lucknow",1,56.25
KS Sharma,"Eden Gardens, Kolkata",1,60
KS Williamson,"Bharat Ratna Shri Atal Bihari Vajpayee Ekana Cricket Stadium, Lucknow",1,20
KS Williamson,"Narendra Modi Stadium, Ahmedabad",1,118.18
KV Sharma,"Bharat Ratna Shri Atal Bihari Vajpayee Ekana Cricket Stadium, Lucknow",1,100
KV Sharma,"Eden Gardens, Kolkata",2,210
KV Sharma,"M Chinnaswamy Stadium, Bengaluru",0,150
KV Sharma,"Narendra Modi Stadium, Ahmedabad",1,125
Kuldeep Yadav,"Arun Jaitley Stadium, Delhi",3,69.57
Kuldeep Yadav,"Barsapara Cricket Stadium, Guwahati",0,42.86
Kuldeep Yadav,"Bharat Ratna Shri Atal Bihari Vajpayee Ekana Cricket Stadium, Lucknow",0,60
Kuldeep Yadav,"Eden Gardens, Kolkata",0,134.62
Kuldeep Yadav,"M Chinnaswamy Stadium, Bengaluru",1,81.25
Kuldeep Yadav,"MA Chidambaram Stadium, Chepauk, Chennai",0,0
Kuldeep Yadav,"Maharaja Yadavindra Singh International Cricket Stadium, Mullanpur",0,50
Kuldeep Yadav,"Narendra Modi Stadium, Ahmedabad",0,0
Kuldeep Yadav,"Rajiv Gandhi International Stadium, Uppal, Hyderabad",1,133.33
Kumar Kushagra,"Eden Gardens, Kolkata",1,33.33
Kumar Kushagra,"M Chinnaswamy Stadium, Bengaluru",1,66.67
Kumar Kushagra,"Wankhede Stadium, Mumbai",1,0
L Wood,"Arun Jaitley Stadium, Delhi",0,300
LB Williams,"Eden Gardens, Kolkata",0,50
LH Ferguson,"Eden Gardens, Kolkata",1,100
LS Livingstone,"Arun Jaitley Stadium, Delhi",1,80
LS Livingstone,"Bharat Ratna Shri Atal Bihari Vajpayee Ekana Cricket Stadium, Lucknow",0,164.71
LS Livingstone,"Eden Gardens, Kolkata",1,137.5
LS Livingstone,"Himachal Pradesh Cricket Association Stadium, Dharamsala",4,152.46
LS Livingstone,"M Chinnaswamy Stadium, Bengaluru",1,130.77
LS Livingstone,"MA Chidambaram Stadium, Chepauk, Chennai",1,166.67
LS Livingstone,"Maharaja Yadavindra Singh International Cricket Stadium, Mullanpur",2,143.48
LS Livingstone,"Punjab Cricket Association IS Bindra Stadium, Mohali, Chandigarh",2,182.76
LS Livingstone,"Wankhede Stadium, Mumbai",0,83.33
Lalit Yadav,"Arun Jaitley Stadium, Delhi",3,61.29
Lalit Yadav,"Barsapara Cricket Stadium, Guwahati",1,158.33
Lalit Yadav,"M Chinnaswamy Stadium, Bengaluru",1,57.14
Lalit Yadav,"MA Chidambaram Stadium, Chepauk, Chennai",1,240
Lalit Yadav,"Wankhede Stadium, Mumbai",1,75
Liton Das,"Arun Jaitley Stadium, Delhi",1,100
M Jansen,"Eden Gardens, Kolkata",0,100
M Jansen,"MA Chidambaram Stadium, Chepauk, Chennai",1,77.27
M Jansen,"Narendra Modi Stadium, Ahmedabad",1,50
M Jansen,"Rajiv Gandhi International Stadium, Uppal, Hyderabad",2,123.08
M Jansen,"Sawai Mansingh Stadium, Jaipur",0,150
M Jansen,"Wankhede Stadium, Mumbai",1,141.67
M Markande,"Narendra Modi Stadium, Ahmedabad",0,200
M Markande,"Rajiv Gandhi International Stadium, Uppal, Hyderabad",0,75
M Shahrukh Khan,"Arun Jaitley Stadium, Delhi",2,111.11
M Shahrukh Khan,"Barsapara Cricket Stadium, Guwahati",1,110
M Shahrukh Khan,"Bharat Ratna Shri Atal Bihari Vajpayee Ekana Cricket Stadium, Lucknow",0,230
M Shahrukh Khan,"Eden Gardens, Kolkata",0,262.5
M Shahrukh Khan,"Himachal Pradesh Cricket Association Stadium, Dharamsala",1,180.77
M Shahrukh Khan,"M Chinnaswamy Stadium, Bengaluru",0,154.17
M Shahrukh Khan,"MA Chidambaram Stadium, Chepauk, Chennai",0,66.67
M Shahrukh Khan,"Maharaja Yadavindra Singh International Cricket Stadium, Mullanpur",1,200
M Shahrukh Khan,"Narendra Modi Stadium, Ahmedabad",1,176.47
M Shahrukh Khan,"Punjab Cricket Association IS Bindra Stadium, Mohali, Chandigarh",3,153.33
M Shahrukh Khan,"Rajiv Gandhi International Stadium, Uppal, Hyderabad",1,133.33
M Shahrukh Khan,"Sawai Mansingh Stadium, Jaipur",1,175
M Vohra,"Bharat Ratna Shri Atal Bihari Vajpayee Ekana Cricket Stadium, Lucknow",1,90.91
MA Agarwal,"Arun Jaitley Stadium, Delhi",1,83.33
MA Agarwal,"Bharat Ratna Shri Atal Bihari Vajpayee Ekana Cricket Stadium, Lucknow",1,114.29
MA Agarwal,"Eden Gardens, Kolkata",2,120.59
MA Agarwal,"MA Chidambaram Stadium, Chepauk, Chennai",1,50
MA Agarwal,"Narendra Modi Stadium, Ahmedabad",1,94.12
MA Agarwal,"Rajiv Gandhi International Stadium, Uppal, Hyderabad",6,117.24
MA Agarwal,"Wankhede Stadium, Mumbai",2,169.23
MA Starc,"Dr. Y.S. Rajasekhara Reddy ACA-VDCA Cricket Stadium, Visakhapatnam",0,100
MA Starc,"Eden Gardens, Kolkata",0,160
MA Starc,"MA Chidambaram Stadium, Chepauk, Chennai",1,0
MA Starc,"Wankhede Stadium, Mumbai",1,0
MA Wood,"M Chinnaswamy Stadium, Bengaluru",1,50
MA Wood,"MA Chidambaram Stadium, Chepauk, Chennai",0,333.33
MD Shanaka,"M Chinnaswamy Stadium, Bengaluru",1,0
MD Shanaka,"MA Chidambaram Stadium, Chepauk, Chennai",1,106.25
MD Shanaka,"Narendra Modi Stadium, Ahmedabad",0,128.57
MG Bracewell,"Eden Gardens, Kolkata",1,105.56
MG Bracewell,"M Chinnaswamy Stadium, Bengaluru",1,162.5
MG Bracewell,"Rajiv Gandhi International Stadium, Uppal, Hyderabad",0,100
MG Bracewell,"Sawai Mansingh Stadium, Jaipur",0,100
MJ Santner,"Himachal Pradesh Cricket Association Stadium, Dharamsala",1,100
MJ Santner,"M Chinnaswamy Stadium, Bengaluru",1,75
MJ Santner,"MA Chidambaram Stadium, Chepauk, Chennai",0,100
MJ Santner,"Narendra Modi Stadium, Ahmedabad",1,20
MJ Suthar,"M Chinnaswamy Stadium, Bengaluru",1,50
MK Lomror,"Arun Jaitley Stadium, Delhi",0,186.21
MK Lomror,"Bharat Ratna Shri Atal Bihari Vajpayee Ekana Cricket Stadium, Lucknow",1,75
MK Lomror,"Eden Gardens, Kolkata",1,133.33
MK Lomror,"Himachal Pradesh Cricket Association Stadium, Dharamsala",1,0
MK Lomror,"M Chinnaswamy Stadium, Bengaluru",8,166.67
MK Lomror,"Narendra Modi Stadium, Ahmedabad",1,188.24
MK Lomror,"Punjab Cricket Association IS Bindra Stadium, Mohali, Chandigarh",0,77.78
MK Lomror,"Rajiv Gandhi International Stadium, Uppal, Hyderabad",1,175
MK Lomror,"Sawai Mansingh Stadium, Jaipur",1,50
MK Lomror,"Wankhede Stadium, Mumbai",2,25
MK Pandey,"Arun Jaitley Stadium, Delhi",4,102.17
MK Pandey,"Barsapara Cricket Stadium, Guwahati",1,0
MK Pandey,"M Chinnaswamy Stadium, Bengaluru",1,131.58
MK Pandey,"MA Chidambaram Stadium, Chepauk, Chennai",2,93.1
MK Pandey,"Narendra Modi Stadium, Ahmedabad",1,25
MK Pandey,"Rajiv Gandhi International Stadium, Uppal, Hyderabad",1,125.93
MK Pandey,"Wankhede Stadium, Mumbai",1,140
MM Ali,"Bharat Ratna Shri Atal Bihari Vajpayee Ekana Cricket Stadium, Lucknow",1,150
MM Ali,"Himachal Pradesh Cricket Association Stadium, Dharamsala",1,85
MM Ali,"M Chinnaswamy Stadium, Bengaluru",0,242.86
MM Ali,"MA Chidambaram Stadium, Chepauk, Chennai",7,112
MM Ali,"Narendra Modi Stadium, Ahmedabad",2,151.92
MM Ali,"Sawai Mansingh Stadium, Jaipur",1,191.67
MM Sharma,"M Chinnaswamy Stadium, Bengaluru",1,0
MM Sharma,"Narendra Modi Stadium, Ahmedabad",1,13.33
MP Stoinis,"Arun Jaitley Stadium, Delhi",1,71.43
MP Stoinis,"Bharat Ratna Shri Atal Bihari Vajpayee Ekana Cricket Stadium, Lucknow",12,136.03
MP Stoinis,"Eden Gardens, Kolkata",2,142.86
MP Stoinis,"M Chinnaswamy Stadium, Bengaluru",2,197.78
MP Stoinis,"MA Chidambaram Stadium, Chepauk, Chennai",2,166.98
MP Stoinis,"Narendra Modi Stadium, Ahmedabad",1,44.44
MP Stoinis,"Punjab Cricket Association IS Bindra Stadium, Mohali, Chandigarh",1,180
MP Stoinis,"Rajiv Gandhi International Stadium, Uppal, Hyderabad",2,143.33
MP Stoinis,"Sawai Mansingh Stadium, Jaipur",2,120
MP Stoinis,"Wankhede Stadium, Mumbai",1,127.27
MR Marsh,"Arun Jaitley Stadium, Delhi",5,134.25
MR Marsh,"Bharat Ratna Shri Atal Bihari Vajpayee Ekana Cricket Stadium, Lucknow",1,0
MR Marsh,"Dr. Y.S. Rajasekhara Reddy ACA-VDCA Cricket Stadium, Visakhapatnam",2,128.57
MR Marsh,"M Chinnaswamy Stadium, Bengaluru",1,0
MR Marsh,"MA Chidambaram Stadium, Chepauk, Chennai",0,125
MR Marsh,"Maharaja Yadavindra Singh International Cricket Stadium, Mullanpur",1,166.67
MR Marsh,"Rajiv Gandhi International Stadium, Uppal, Hyderabad",1,166.67
MR Marsh,"Sawai Mansingh Stadium, Jaipur",1,191.67
MS Dhoni,"Arun Jaitley Stadium, Delhi",0,100
MS Dhoni,"Bharat Ratna Shri Atal Bihari Vajpayee Ekana Cricket Stadium, Lucknow",0,311.11
MS Dhoni,"Dr. Y.S. Rajasekhara Reddy ACA-VDCA Cricket Stadium, Visakhapatnam",0,231.25
MS Dhoni,"Eden Gardens, Kolkata",0,100
MS Dhoni,"Himachal Pradesh Cricket Association Stadium, Dharamsala",1,0
MS Dhoni,"M Chinnaswamy Stadium, Bengaluru",1,200
MS Dhoni,"MA Chidambaram Stadium, Chepauk, Chennai",4,185.96
MS Dhoni,"Narendra Modi Stadium, Ahmedabad",1,210.53
MS Dhoni,"Rajiv Gandhi International Stadium, Uppal, Hyderabad",0,50
MS Dhoni,"Wankhede Stadium, Mumbai",0,500
MS Wade,"Sawai Mansingh Stadium, Jaipur",1,66.67
MW Short,"Bharat Ratna Shri Atal Bihari Vajpayee Ekana Cricket Stadium, Lucknow",1,154.55
MW Short,"Punjab Cricket Association IS Bindra Stadium, Mohali, Chandigarh",3,124.56
MW Short,"Rajiv Gandhi International Stadium, Uppal, Hyderabad",1,33.33
MW Short,"Wankhede Stadium, Mumbai",1,110
Mandeep Singh,"Arun Jaitley Stadium, Delhi",1,109.09
Mandeep Singh,"Eden Gardens, Kolkata",1,0
Mandeep Singh,"Punjab Cricket Association IS Bindra Stadium, Mohali, Chandigarh",1,50
Mayank Dagar,"M Chinnaswamy Stadium, Bengaluru",0,0
Mohammad Nabi,"Arun Jaitley Stadium, Delhi",1,175
Mohammad Nabi,"Bharat Ratna Shri Atal Bihari Vajpayee Ekana Cricket Stadium, Lucknow",1,50
Mohammad Nabi,"Maharaja Yadavindra Singh International Cricket Stadium, Mullanpur",1,0
Mohammad Nabi,"Sawai Mansingh Stadium, Jaipur",1,135.29
Mohammad Nabi,"Wankhede Stadium, Mumbai",0,57.14
Mohammed Shami,"MA Chidambaram Stadium, Chepauk, Chennai",1,100
Mohammed Shami,"Narendra Modi Stadium, Ahmedabad",1,0
Mohammed Siraj,"Bharat Ratna Shri Atal Bihari Vajpayee Ekana Cricket Stadium, Lucknow",1,0
Mohammed Siraj,"M Chinnaswamy Stadium, Bengaluru",1,144.44
Mohit Rathee,"Rajiv Gandhi International Stadium, Uppal, Hyderabad",0,50
Mohsin Khan,"Bharat Ratna Shri Atal Bihari Vajpayee Ekana Cricket Stadium, Lucknow",0,200
Mohsin Khan,"MA Chidambaram Stadium, Chepauk, Chennai",1,0
Mukesh Kumar,"Arun Jaitley Stadium, Delhi",0,66.67
Mukesh Kumar,"Barsapara Cricket Stadium, Guwahati",0,100
Mukesh Kumar,"Bharat Ratna Shri Atal Bihari Vajpayee Ekana Cricket Stadium, Lucknow",0,0
Mukesh Kumar,"M Chinnaswamy Stadium, Bengaluru",1,42.86
Mustafizur Rahman,"Arun Jaitley Stadium, Delhi",0,100
N Jagadeesan,"Eden Gardens, Kolkata",3,143.59
N Jagadeesan,"M Chinnaswamy Stadium, Bengaluru",1,93.1
N Jagadeesan,"Narendra Modi Stadium, Ahmedabad",1,75
N Jagadeesan,"Wankhede Stadium, Mumbai",1,0
N Pooran,"Arun Jaitley Stadium, Delhi",1,225.93
N Pooran,"Bharat Ratna Shri Atal Bihari Vajpayee Ekana Cricket Stadium, Lucknow",9,128.4
N Pooran,"Eden Gardens, Kolkata",2,166.13
N Pooran,"M Chinnaswamy Stadium, Bengaluru",1,255
N Pooran,"MA Chidambaram Stadium, Chepauk, Chennai",3,194.12
N Pooran,"Narendra Modi Stadium, Ahmedabad",1,50
N Pooran,"Punjab Cricket Association IS Bindra Stadium, Mohali, Chandigarh",1,236.84
N Pooran,"Rajiv Gandhi International Stadium, Uppal, Hyderabad",0,235.9
N Pooran,"Sawai Mansingh Stadium, Jaipur",0,152.46
N Pooran,"Wankhede Stadium, Mumbai",1,258.62
N Rana,"Arun Jaitley Stadium, Delhi",1,57.14
N Rana,"Eden Gardens, Kolkata",9,136.9
N Rana,"M Chinnaswamy Stadium, Bengaluru",1,228.57
N Rana,"MA Chidambaram Stadium, Chepauk, Chennai",0,129.55
N Rana,"Narendra Modi Stadium, Ahmedabad",1,155.17
N Rana,"Punjab Cricket Association IS Bindra Stadium, Mohali, Chandigarh",1,141.18
N Rana,"Rajiv Gandhi International Stadium, Uppal, Hyderabad",1,126.67
N Rana,"Wankhede Stadium, Mumbai",1,50
N Wadhera,"Arun Jaitley Stadium, Delhi",1,200
N Wadhera,"Bharat Ratna Shri Atal Bihari Vajpayee Ekana Cricket Stadium, Lucknow",2,101.64
N Wadhera,"Eden Gardens, Kolkata",1,100
N Wadhera,"M Chinnaswamy Stadium, Bengaluru",1,161.54
N Wadhera,"MA Chidambaram Stadium, Chepauk, Chennai",2,138.1
N Wadhera,"Narendra Modi Stadium, Ahmedabad",2,183.33
N Wadhera,"Sawai Mansingh Stadium, Jaipur",1,204.17
N Wadhera,"Wankhede Stadium, Mumbai",5,133.33
NT Ellis,"Punjab Cricket Association IS Bindra Stadium, Mohali, Chandigarh",1,50
NT Ellis,"Rajiv Gandhi International Stadium, Uppal, Hyderabad",1,0
Naman Dhir,"Eden Gardens, Kolkata",1,283.33
Naman Dhir,"Narendra Modi Stadium, Ahmedabad",1,200
Naman Dhir,"Rajiv Gandhi International Stadium, Uppal, Hyderabad",1,214.29
Naman Dhir,"Wankhede Stadium, Mumbai",3,152.08
Naveen-ul-Haq,"Arun Jaitley Stadium, Delhi",0,50
Naveen-ul-Haq,"Bharat Ratna Shri Atal Bihari Vajpayee Ekana Cricket Stadium, Lucknow",1,108.33
Naveen-ul-Haq,"Eden Gardens, Kolkata",0,66.67
Naveen-ul-Haq,"MA Chidambaram Stadium, Chepauk, Chennai",1,20
Nithish Kumar Reddy,"Arun Jaitley Stadium, Delhi",1,137.04
Nithish Kumar Reddy,"MA Chidambaram Stadium, Chepauk, Chennai",3,94.29
Nithish Kumar Reddy,"Maharaja Yadavindra Singh International Cricket Stadium, Mullanpur",1,172.97
Nithish Kumar Reddy,"Narendra Modi Stadium, Ahmedabad",1,90
Nithish Kumar Reddy,"Rajiv Gandhi International Stadium, Uppal, Hyderabad",2,159.09
Nithish Kumar Reddy,"Wankhede Stadium, Mumbai",1,133.33
Noor Ahmad,"Bharat Ratna Shri Atal Bihari Vajpayee Ekana Cricket Stadium, Lucknow",1,200
Noor Ahmad,"MA Chidambaram Stadium, Chepauk, Chennai",0,140
Noor Ahmad,"Narendra Modi Stadium, Ahmedabad",2,12.5
Noor Ahmad,"Wankhede Stadium, Mumbai",1,33.33
P Dubey,"Arun Jaitley Stadium, Delhi",1,80
P Simran Singh,"Arun Jaitley Stadium, Delhi",1,158.46
P Simran Singh,"Barsapara Cricket Stadium, Guwahati",2,173.68
P Simran Singh,"Bharat Ratna Shri Atal Bihari Vajpayee Ekana Cricket Stadium, Lucknow",2,209.09
P Simran Singh,"Eden Gardens, Kolkata",1,235.71
P Simran Singh,"Himachal Pradesh Cricket Association Stadium, Dharamsala",4,125
P Simran Singh,"M Chinnaswamy Stadium, Bengaluru",1,147.06
P Simran Singh,"MA Chidambaram Stadium, Chepauk, Chennai",2,161.76
P Simran Singh,"Maharaja Yadavindra Singh International Cricket Stadium, Mullanpur",6,118.97
P Simran Singh,"Narendra Modi Stadium, Ahmedabad",1,145.83
P Simran Singh,"Punjab Cricket Association IS Bindra Stadium, Mohali, Chandigarh",6,135.94
P Simran Singh,"Rajiv Gandhi International Stadium, Uppal, Hyderabad",2,154.35
P Simran Singh,"Wankhede Stadium, Mumbai",1,152.94
PBB Rajapaksa,"Barsapara Cricket Stadium, Guwahati",0,100
PBB Rajapaksa,"Eden Gardens, Kolkata",1,0
PBB Rajapaksa,"Punjab Cricket Association IS Bindra Stadium, Mohali, Chandigarh",2,120.69
PD Salt,"Arun Jaitley Stadium, Delhi",5,165.09
PD Salt,"Bharat Ratna Shri Atal Bihari Vajpayee Ekana Cricket Stadium, Lucknow",1,228.57
PD Salt,"Dr. Y.S. Rajasekhara Reddy ACA-VDCA Cricket Stadium, Visakhapatnam",1,150
PD Salt,"Eden Gardens, Kolkata",7,188.65
PD Salt,"Himachal Pradesh Cricket Association Stadium, Dharamsala",0,185.71
PD Salt,"M Chinnaswamy Stadium, Bengaluru",1,150
PD Salt,"MA Chidambaram Stadium, Chepauk, Chennai",2,141.67
PD Salt,"Narendra Modi Stadium, Ahmedabad",1,0
PD Salt,"Rajiv Gandhi International Stadium, Uppal, Hyderabad",1,0
PD Salt,"Wankhede Stadium, Mumbai",1,166.67
PJ Cummins,"Arun Jaitley Stadium, Delhi",0,100
PJ Cummins,"Eden Gardens, Kolkata",0,0
PJ Cummins,"MA Chidambaram Stadium, Chepauk, Chennai",3,109.68
PJ Cummins,"Maharaja Yadavindra Singh International Cricket Stadium, Mullanpur",1,75
PJ Cummins,"Narendra Modi Stadium, Ahmedabad",2,123.08
PJ Cummins,"Rajiv Gandhi International Stadium, Uppal, Hyderabad",1,206.67
PJ Cummins,"Wankhede Stadium, Mumbai",0,200
PK Garg,"Arun Jaitley Stadium, Delhi",1,133.33
PK Garg,"Narendra Modi Stadium, Ahmedabad",1,76.92
PN Mankad,"Bharat Ratna Shri Atal Bihari Vajpayee Ekana Cricket Stadium, Lucknow",1,0
PN Mankad,"Eden Gardens, Kolkata",1,136.84
PN Mankad,"MA Chidambaram Stadium, Chepauk, Chennai",1,50
PN Mankad,"Rajiv Gandhi International Stadium, Uppal, Hyderabad",0,142.22
PP Chawla,"Arun Jaitley Stadium, Delhi",1,250
PP Chawla,"Eden Gardens, Kolkata",0,50
PP Chawla,"MA Chidambaram Stadium, Chepauk, Chennai",0,100
PP Chawla,"Narendra Modi Stadium, Ahmedabad",3,120
PP Chawla,"Sawai Mansingh Stadium, Jaipur",0,100
PP Chawla,"Wankhede Stadium, Mumbai",2,61.54
PP Shaw,"Arun Jaitley Stadium, Delhi",6,150
PP Shaw,"Barsapara Cricket Stadium, Guwahati",1,0
PP Shaw,"Bharat Ratna Shri Atal Bihari Vajpayee Ekana Cricket Stadium, Lucknow",2,141.94
PP Shaw,"Dr. Y.S. Rajasekhara Reddy ACA-VDCA Cricket Stadium, Visakhapatnam",2,155.88
PP Shaw,"Eden Gardens, Kolkata",1,185.71
PP Shaw,"Himachal Pradesh Cricket Association Stadium, Dharamsala",1,142.11
PP Shaw,"M Chinnaswamy Stadium, Bengaluru",1,0
PP Shaw,"Narendra Modi Stadium, Ahmedabad",1,116.67
PP Shaw,"Wankhede Stadium, Mumbai",1,165
PWH de Silva,"Bharat Ratna Shri Atal Bihari Vajpayee Ekana Cricket Stadium, Lucknow",1,114.29
PWH de Silva,"M Chinnaswamy Stadium, Bengaluru",1,100
PWH de Silva,"Wankhede Stadium, Mumbai",0,150
Q de Kock,"Arun Jaitley Stadium, Delhi",1,150
Q de Kock,"Bharat Ratna Shri Atal Bihari Vajpayee Ekana Cricket Stadium, Lucknow",6,135.34
Q de Kock,"Eden Gardens, Kolkata",2,111.76
Q de Kock,"M Chinnaswamy Stadium, Bengaluru",1,144.64
Q de Kock,"MA Chidambaram Stadium, Chepauk, Chennai",1,0
Q de Kock,"Narendra Modi Stadium, Ahmedabad",1,170.73
Q de Kock,"Rajiv Gandhi International Stadium, Uppal, Hyderabad",2,129.17
Q de Kock,"Sawai Mansingh Stadium, Jaipur",1,80
R Ashwin,"Arun Jaitley Stadium, Delhi",1,66.67
R Ashwin,"Barsapara Cricket Stadium, Guwahati",2,121.74
R Ashwin,"Eden Gardens, Kolkata",1,72.73
R Ashwin,"M Chinnaswamy Stadium, Bengaluru",1,200
R Ashwin,"MA Chidambaram Stadium, Chepauk, Chennai",2,119.23
R Ashwin,"Narendra Modi Stadium, Ahmedabad",1,333.33
R Ashwin,"Rajiv Gandhi International Stadium, Uppal, Hyderabad",0,75
R Ashwin,"Sawai Mansingh Stadium, Jaipur",2,125
R Ashwin,"Wankhede Stadium, Mumbai",1,114.29
R Dhawan,"Eden Gardens, Kolkata",1,172.73
R Dhawan,"Punjab Cricket Association IS Bindra Stadium, Mohali, Chandigarh",0,100
R Parag,"Arun Jaitley Stadium, Delhi",1,122.73
R Parag,"Barsapara Cricket Stadium, Guwahati",3,131.58
R Parag,"Bharat Ratna Shri Atal Bihari Vajpayee Ekana Cricket Stadium, Lucknow",1,127.27
R Parag,"Eden Gardens, Kolkata",1,242.86
R Parag,"Himachal Pradesh Cricket Association Stadium, Dharamsala",1,181.82
R Parag,"MA Chidambaram Stadium, Chepauk, Chennai",1,117.78
R Parag,"Maharaja Yadavindra Singh International Cricket Stadium, Mullanpur",1,127.78
R Parag,"Narendra Modi Stadium, Ahmedabad",3,124.24
R Parag,"Rajiv Gandhi International Stadium, Uppal, Hyderabad",2,155.56
R Parag,"Sawai Mansingh Stadium, Jaipur",4,156.94
R Parag,"Wankhede Stadium, Mumbai",0,138.46
R Powell,"Arun Jaitley Stadium, Delhi",2,121.43
R Powell,"Barsapara Cricket Stadium, Guwahati",2,85.71
R Powell,"Bharat Ratna Shri Atal Bihari Vajpayee Ekana Cricket Stadium, Lucknow",1,33.33
R Powell,"Eden Gardens, Kolkata",1,200
R Powell,"MA Chidambaram Stadium, Chepauk, Chennai",1,50
R Powell,"Maharaja Yadavindra Singh International Cricket Stadium, Mullanpur",1,220
R Powell,"Narendra Modi Stadium, Ahmedabad",0,200
R Powell,"Rajiv Gandhi International Stadium, Uppal, Hyderabad",1,180
R Ravindra,"Bharat Ratna Shri Atal Bihari Vajpayee Ekana Cricket Stadium, Lucknow",1,0
R Ravindra,"Dr. Y.S. Rajasekhara Reddy ACA-VDCA Cricket Stadium, Visakhapatnam",1,16.67
R Ravindra,"M Chinnaswamy Stadium, Bengaluru",1,158.33
R Ravindra,"MA Chidambaram Stadium, Chepauk, Chennai",4,204.92
R Ravindra,"Narendra Modi Stadium, Ahmedabad",0,50
R Ravindra,"Rajiv Gandhi International Stadium, Uppal, Hyderabad",1,133.33
R Ravindra,"Wankhede Stadium, Mumbai",1,131.25
R Sai Kishore,"Arun Jaitley Stadium, Delhi",1,216.67
R Shepherd,"Bharat Ratna Shri Atal Bihari Vajpayee Ekana Cricket Stadium, Lucknow",1,0
R Shepherd,"Maharaja Yadavindra Singh International Cricket Stadium, Mullanpur",1,50
R Shepherd,"Rajiv Gandhi International Stadium, Uppal, Hyderabad",0,250
R Shepherd,"Wankhede Stadium, Mumbai",1,315.38
R Tewatia,"Arun Jaitley Stadium, Delhi",1,80
R Tewatia,"Bharat Ratna Shri Atal Bihari Vajpayee Ekana Cricket Stadium, Lucknow",1,115.38
R Tewatia,"M Chinnaswamy Stadium, Bengaluru",2,150
R Tewatia,"MA Chidambaram Stadium, Chepauk, Chennai",2,56.25
R Tewatia,"Maharaja Yadavindra Singh International Cricket Stadium, Mullanpur",0,200
R Tewatia,"Narendra Modi Stadium, Ahmedabad",4,172.73
R Tewatia,"Punjab Cricket Association IS Bindra Stadium, Mohali, Chandigarh",0,250
R Tewatia,"Sawai Mansingh Stadium, Jaipur",1,200
R Tewatia,"Wankhede Stadium, Mumbai",1,107.69
RA Jadeja,"Arun Jaitley Stadium, Delhi",0,285.71
RA Jadeja,"Bharat Ratna Shri Atal Bihari Vajpayee Ekana Cricket Stadium, Lucknow",0,142.5
RA Jadeja,"Dr. Y.S. Rajasekhara Reddy ACA-VDCA Cricket Stadium, Visakhapatnam",0,123.53
RA Jadeja,"Eden Gardens, Kolkata",1,225
RA Jadeja,"Himachal Pradesh Cricket Association Stadium, Dharamsala",1,165.38
RA Jadeja,"M Chinnaswamy Stadium, Bengaluru",1,173.33
RA Jadeja,"MA Chidambaram Stadium, Chepauk, Chennai",9,116.3
RA Jadeja,"Narendra Modi Stadium, Ahmedabad",2,188.89
RA Jadeja,"Rajiv Gandhi International Stadium, Uppal, Hyderabad",0,134.78
RA Jadeja,"Sawai Mansingh Stadium, Jaipur",0,153.33
RA Tripathi,"Arun Jaitley Stadium, Delhi",1,166.67
RA Tripathi,"Bharat Ratna Shri Atal Bihari Vajpayee Ekana Cricket Stadium, Lucknow",1,82.93
RA Tripathi,"Eden Gardens, Kolkata",2,120.83
RA Tripathi,"MA Chidambaram Stadium, Chepauk, Chennai",3,136.73
RA Tripathi,"Maharaja Yadavindra Singh International Cricket Stadium, Mullanpur",1,78.57
RA Tripathi,"Narendra Modi Stadium, Ahmedabad",1,144.44
RA Tripathi,"Rajiv Gandhi International Stadium, Uppal, Hyderabad",7,138.1
RA Tripathi,"Sawai Mansingh Stadium, Jaipur",1,162.07
RD Chahar,"Himachal Pradesh Cricket Association Stadium, Dharamsala",1,140
RD Chahar,"Punjab Cricket Association IS Bindra Stadium, Mohali, Chandigarh",1,0
RD Chahar,"Rajiv Gandhi International Stadium, Uppal, Hyderabad",1,0
RD Gaikwad,"Arun Jaitley Stadium, Delhi",1,158
RD Gaikwad,"Bharat Ratna Shri Atal Bihari Vajpayee Ekana Cricket Stadium, Lucknow",1,130.77
RD Gaikwad,"Dr. Y.S. Rajasekhara Reddy ACA-VDCA Cricket Stadium, Visakhapatnam",1,50
RD Gaikwad,"Eden Gardens, Kolkata",1,175
RD Gaikwad,"Himachal Pradesh Cricket Association Stadium, Dharamsala",1,152.38
RD Gaikwad,"M Chinnaswamy Stadium, Bengaluru",2,42.86
RD Gaikwad,"MA Chidambaram Stadium, Chepauk, Chennai",11,139.84
RD Gaikwad,"Narendra Modi Stadium, Ahmedabad",3,171.01
RD Gaikwad,"Rajiv Gandhi International Stadium, Uppal, Hyderabad",1,123.81
RD Gaikwad,"Sawai Mansingh Stadium, Jaipur",1,162.07
RD Gaikwad,"Wankhede Stadium, Mumbai",1,143.42
RG Sharma,"Arun Jaitley Stadium, Delhi",2,140.38
RG Sharma,"Bharat Ratna Shri Atal Bihari Vajpayee Ekana Cricket Stadium, Lucknow",2,136.67
RG Sharma,"Eden Gardens, Kolkata",1,79.17
RG Sharma,"M Chinnaswamy Stadium, Bengaluru",1,10
RG Sharma,"MA Chidambaram Stadium, Chepauk, Chennai",2,84.62
RG Sharma,"Maharaja Yadavindra Singh International Cricket Stadium, Mullanpur",1,144
RG Sharma,"Narendra Modi Stadium, Ahmedabad",3,120.45
RG Sharma,"Punjab Cricket Association IS Bindra Stadium, Mohali, Chandigarh",1,0
RG Sharma,"Rajiv Gandhi International Stadium, Uppal, Hyderabad",2,180
RG Sharma,"Sawai Mansingh Stadium, Jaipur",1,120
RG Sharma,"Wankhede Stadium, Mumbai",13,155.36
RJ Gleeson,"Himachal Pradesh Cricket Association Stadium, Dharamsala",0,100
RJW Topley,"M Chinnaswamy Stadium, Bengaluru",0,50
RK Bhui,"Maharaja Yadavindra Singh International Cricket Stadium, Mullanpur",1,42.86
RK Bhui,"Sawai Mansingh Stadium, Jaipur",1,0
RK Singh,"Arun Jaitley Stadium, Delhi",1,75
RK Singh,"Bharat Ratna Shri Atal Bihari Vajpayee Ekana Cricket Stadium, Lucknow",1,145.45
RK Singh,"Dr. Y.S. Rajasekhara Reddy ACA-VDCA Cricket Stadium, Visakhapatnam",1,357.14
RK Singh,"Eden Gardens, Kolkata",8,152.89
RK Singh,"M Chinnaswamy Stadium, Bengaluru",0,153.33
RK Singh,"MA Chidambaram Stadium, Chepauk, Chennai",2,114.55
RK Singh,"Narendra Modi Stadium, Ahmedabad",0,228.57
RK Singh,"Punjab Cricket Association IS Bindra Stadium, Mohali, Chandigarh",1,100
RK Singh,"Rajiv Gandhi International Stadium, Uppal, Hyderabad",1,131.43
RK Singh,"Wankhede Stadium, Mumbai",2,103.85
RM Patidar,"Eden Gardens, Kolkata",1,226.09
RM Patidar,"Himachal Pradesh Cricket Association Stadium, Dharamsala",1,239.13
RM Patidar,"M Chinnaswamy Stadium, Bengaluru",8,145.28
RM Patidar,"MA Chidambaram Stadium, Chepauk, Chennai",1,0
RM Patidar,"Narendra Modi Stadium, Ahmedabad",1,154.55
RM Patidar,"Rajiv Gandhi International Stadium, Uppal, Hyderabad",1,250
RM Patidar,"Wankhede Stadium, Mumbai",1,192.31
RP Meredith,"Narendra Modi Stadium, Ahmedabad",0,0
RR Pant,"Arun Jaitley Stadium, Delhi",4,157.14
RR Pant,"Bharat Ratna Shri Atal Bihari Vajpayee Ekana Cricket Stadium, Lucknow",1,170.83
RR Pant,"Dr. Y.S. Rajasekhara Reddy ACA-VDCA Cricket Stadium, Visakhapatnam",2,185.96
RR Pant,"Eden Gardens, Kolkata",1,135
RR Pant,"Maharaja Yadavindra Singh International Cricket Stadium, Mullanpur",1,138.46
RR Pant,"Narendra Modi Stadium, Ahmedabad",0,145.45
RR Pant,"Sawai Mansingh Stadium, Jaipur",1,107.69
RR Pant,"Wankhede Stadium, Mumbai",1,33.33
RR Rossouw,"Arun Jaitley Stadium, Delhi",3,135.71
RR Rossouw,"Barsapara Cricket Stadium, Guwahati",2,144
RR Rossouw,"Bharat Ratna Shri Atal Bihari Vajpayee Ekana Cricket Stadium, Lucknow",1,150
RR Rossouw,"Eden Gardens, Kolkata",1,162.5
RR Rossouw,"Himachal Pradesh Cricket Association Stadium, Dharamsala",2,213.43
RR Rossouw,"MA Chidambaram Stadium, Chepauk, Chennai",2,130
RR Rossouw,"Maharaja Yadavindra Singh International Cricket Stadium, Mullanpur",2,100
RR Rossouw,"Narendra Modi Stadium, Ahmedabad",1,133.33
RR Rossouw,"Rajiv Gandhi International Stadium, Uppal, Hyderabad",1,213.04
RV Patel,"Arun Jaitley Stadium, Delhi",0,137.5
RV Patel,"MA Chidambaram Stadium, Chepauk, Chennai",1,62.5
RV Patel,"Narendra Modi Stadium, Ahmedabad",1,176.92
RV Patel,"Rajiv Gandhi International Stadium, Uppal, Hyderabad",1,83.33
Rahmanullah Gurbaz,"Eden Gardens, Kolkata",6,141.13
Rahmanullah Gurbaz,"MA Chidambaram Stadium, Chepauk, Chennai",2,111.11
Rahmanullah Gurbaz,"Narendra Modi Stadium, Ahmedabad",2,146.15
Rahmanullah Gurbaz,"Punjab Cricket Association IS Bindra Stadium, Mohali, Chandigarh",1,137.5
Rahmanullah Gurbaz,"Rajiv Gandhi International Stadium, Uppal, Hyderabad",1,0
Rahmanullah Gurbaz,"Wankhede Stadium, Mumbai",1,66.67
Ramandeep Singh,"Bharat Ratna Shri Atal Bihari Vajpayee Ekana Cricket Stadium, Lucknow",0,416.67
Ramandeep Singh,"Dr. Y.S. Rajasekhara Reddy ACA-VDCA Cricket Stadium, Visakhapatnam",1,100
Ramandeep Singh,"Eden Gardens, Kolkata",1,208.11
Ramandeep Singh,"MA Chidambaram Stadium, Chepauk, Chennai",1,108.33
Ramandeep Singh,"Wankhede Stadium, Mumbai",1,50
Rashid Khan,"Arun Jaitley Stadium, Delhi",0,210
Rashid Khan,"Bharat Ratna Shri Atal Bihari Vajpayee Ekana Cricket Stadium, Lucknow",1,0
Rashid Khan,"M Chinnaswamy Stadium, Bengaluru",1,128.57
Rashid Khan,"MA Chidambaram Stadium, Chepauk, Chennai",2,172.22
Rashid Khan,"Maharaja Yadavindra Singh International Cricket Stadium, Mullanpur",1,100
Rashid Khan,"Narendra Modi Stadium, Ahmedabad",4,143.59
Rashid Khan,"Sawai Mansingh Stadium, Jaipur",0,200
Rashid Khan,"Wankhede Stadium, Mumbai",0,246.88
Rasikh Salam,"Arun Jaitley Stadium, Delhi",1,300
Rasikh Salam,"Dr. Y.S. Rajasekhara Reddy ACA-VDCA Cricket Stadium, Visakhapatnam",1,20
Rasikh Salam,"Eden Gardens, Kolkata",1,80
Rasikh Salam,"M Chinnaswamy Stadium, Bengaluru",1,83.33
Ravi Bishnoi,"Arun Jaitley Stadium, Delhi",0,100
Ravi Bishnoi,"Bharat Ratna Shri Atal Bihari Vajpayee Ekana Cricket Stadium, Lucknow",3,62.5
Ravi Bishnoi,"Eden Gardens, Kolkata",1,100
Ravi Bishnoi,"M Chinnaswamy Stadium, Bengaluru",0,150
Ravi Bishnoi,"MA Chidambaram Stadium, Chepauk, Chennai",1,50
Ravi Bishnoi,"Narendra Modi Stadium, Ahmedabad",0,80
S Dhawan,"Arun Jaitley Stadium, Delhi",1,140
S Dhawan,"Barsapara Cricket Stadium, Guwahati",1,153.57
S Dhawan,"Bharat Ratna Shri Atal Bihari Vajpayee Ekana Cricket Stadium, Lucknow",1,140
S Dhawan,"Eden Gardens, Kolkata",1,121.74
S Dhawan,"Himachal Pradesh Cricket Association Stadium, Dharamsala",2,141.67
S Dhawan,"M Chinnaswamy Stadium, Bengaluru",1,121.62
S Dhawan,"MA Chidambaram Stadium, Chepauk, Chennai",1,186.67
S Dhawan,"Maharaja Yadavindra Singh International Cricket Stadium, Mullanpur",2,112.5
S Dhawan,"Narendra Modi Stadium, Ahmedabad",1,50
S Dhawan,"Punjab Cricket Association IS Bindra Stadium, Mohali, Chandigarh",4,129.31
S Dhawan,"Rajiv Gandhi International Stadium, Uppal, Hyderabad",0,150
S Dube,"Arun Jaitley Stadium, Delhi",1,244.44
S Dube,"Bharat Ratna Shri Atal Bihari Vajpayee Ekana Cricket Stadium, Lucknow",1,37.5
S Dube,"Dr. Y.S. Rajasekhara Reddy ACA-VDCA Cricket Stadium, Visakhapatnam",1,106.25
S Dube,"Eden Gardens, Kolkata",1,238.1
S Dube,"Himachal Pradesh Cricket Association Stadium, Dharamsala",1,0
S Dube,"M Chinnaswamy Stadium, Bengaluru",2,140.48
S Dube,"MA Chidambaram Stadium, Chepauk, Chennai",10,168.35
S Dube,"Narendra Modi Stadium, Ahmedabad",2,138.46
S Dube,"Rajiv Gandhi International Stadium, Uppal, Hyderabad",1,187.5
S Dube,"Sawai Mansingh Stadium, Jaipur",1,157.58
S Dube,"Wankhede Stadium, Mumbai",1,146.88
SA Yadav,"Arun Jaitley Stadium, Delhi",2,185.71
SA Yadav,"Bharat Ratna Shri Atal Bihari Vajpayee Ekana Cricket Stadium, Lucknow",2,113.33
SA Yadav,"Eden Gardens, Kolkata",1,78.57
SA Yadav,"M Chinnaswamy Stadium, Bengaluru",1,93.75
SA Yadav,"MA Chidambaram Stadium, Chepauk, Chennai",2,140.48
SA Yadav,"Maharaja Yadavindra Singh International Cricket Stadium, Mullanpur",1,147.17
SA Yadav,"Narendra Modi Stadium, Ahmedabad",2,168
SA Yadav,"Punjab Cricket Association IS Bindra Stadium, Mohali, Chandigarh",1,212.9
SA Yadav,"Rajiv Gandhi International Stadium, Uppal, Hyderabad",1,233.33
SA Yadav,"Sawai Mansingh Stadium, Jaipur",1,125
SA Yadav,"Wankhede Stadium, Mumbai",10,194.85
SB Dubey,"Arun Jaitley Stadium, Delhi",1,208.33
SB Dubey,"MA Chidambaram Stadium, Chepauk, Chennai",1,0
SB Dubey,"Wankhede Stadium, Mumbai",0,133.33
SD Hope,"Arun Jaitley Stadium, Delhi",3,166.67
SD Hope,"Bharat Ratna Shri Atal Bihari Vajpayee Ekana Cricket Stadium, Lucknow",0,110
SD Hope,"Eden Gardens, Kolkata",1,200
SD Hope,"M Chinnaswamy Stadium, Bengaluru",2,126.09
SD Hope,"Maharaja Yadavindra Singh International Cricket Stadium, Mullanpur",1,132
SD Hope,"Narendra Modi Stadium, Ahmedabad",1,190
SH Johnson,"Bharat Ratna Shri Atal Bihari Vajpayee Ekana Cricket Stadium, Lucknow",0,0
SH Johnson,"MA Chidambaram Stadium, Chepauk, Chennai",0,100
SH Johnson,"Narendra Modi Stadium, Ahmedabad",0,100
SM Curran,"Arun Jaitley Stadium, Delhi",1,83.33
SM Curran,"Barsapara Cricket Stadium, Guwahati",0,148.84
SM Curran,"Bharat Ratna Shri Atal Bihari Vajpayee Ekana Cricket Stadium, Lucknow",2,85.71
SM Curran,"Eden Gardens, Kolkata",1,44.44
SM Curran,"Himachal Pradesh Cricket Association Stadium, Dharamsala",4,141.27
SM Curran,"M Chinnaswamy Stadium, Bengaluru",1,135.29
SM Curran,"MA Chidambaram Stadium, Chepauk, Chennai",1,134.21
SM Curran,"Maharaja Yadavindra Singh International Cricket Stadium, Mullanpur",5,118.1
SM Curran,"Narendra Modi Stadium, Ahmedabad",1,62.5
SM Curran,"Punjab Cricket Association IS Bindra Stadium, Mohali, Chandigarh",3,122.95
SM Curran,"Rajiv Gandhi International Stadium, Uppal, Hyderabad",1,146.67
SM Curran,"Wankhede Stadium, Mumbai",1,192.86
SN Khan,"Arun Jaitley Stadium, Delhi",2,88.64
SN Khan,"Bharat Ratna Shri Atal Bihari Vajpayee Ekana Cricket Stadium, Lucknow",1,50
SN Khan,"Rajiv Gandhi International Stadium, Uppal, Hyderabad",1,111.11
SN Thakur,"Eden Gardens, Kolkata",5,171.43
SN Thakur,"Himachal Pradesh Cricket Association Stadium, Dharamsala",1,154.55
SN Thakur,"M Chinnaswamy Stadium, Bengaluru",0,50
SN Thakur,"Narendra Modi Stadium, Ahmedabad",1,60
SN Thakur,"Punjab Cricket Association IS Bindra Stadium, Mohali, Chandigarh",0,266.67
SN Thakur,"Rajiv Gandhi International Stadium, Uppal, Hyderabad",1,133.33
SN Thakur,"Wankhede Stadium, Mumbai",1,118.18
SO Hetmyer,"Barsapara Cricket Stadium, Guwahati",1,197.37
SO Hetmyer,"Eden Gardens, Kolkata",1,0
SO Hetmyer,"Himachal Pradesh Cricket Association Stadium, Dharamsala",1,164.29
SO Hetmyer,"M Chinnaswamy Stadium, Bengaluru",1,33.33
SO Hetmyer,"MA Chidambaram Stadium, Chepauk, Chennai",1,125.93
SO Hetmyer,"Maharaja Yadavindra Singh International Cricket Stadium, Mullanpur",0,270
SO Hetmyer,"Narendra Modi Stadium, Ahmedabad",1,205
SO Hetmyer,"Rajiv Gandhi International Stadium, Uppal, Hyderabad",1,140
SO Hetmyer,"Sawai Mansingh Stadium, Jaipur",6,132.47
SO Hetmyer,"Wankhede Stadium, Mumbai",1,88.89
SP Narine,"Arun Jaitley Stadium, Delhi",1,66.67
SP Narine,"Bharat Ratna Shri Atal Bihari Vajpayee Ekana Cricket Stadium, Lucknow",1,207.69
SP Narine,"Dr. Y.S. Rajasekhara Reddy ACA-VDCA Cricket Stadium, Visakhapatnam",1,217.95
SP Narine,"Eden Gardens, Kolkata",10,161.76
SP Narine,"M Chinnaswamy Stadium, Bengaluru",1,213.64
SP Narine,"MA Chidambaram Stadium, Chepauk, Chennai",2,150
SP Narine,"Narendra Modi Stadium, Ahmedabad",2,123.53
SP Narine,"Punjab Cricket Association IS Bindra Stadium, Mohali, Chandigarh",0,350
SP Narine,"Rajiv Gandhi International Stadium, Uppal, Hyderabad",1,50
SP Narine,"Wankhede Stadium, Mumbai",1,100
SS Iyer,"Bharat Ratna Shri Atal Bihari Vajpayee Ekana Cricket Stadium, Lucknow",1,153.33
SS Iyer,"Dr. Y.S. Rajasekhara Reddy ACA-VDCA Cricket Stadium, Visakhapatnam",1,163.64
SS Iyer,"Eden Gardens, Kolkata",5,132.54
SS Iyer,"M Chinnaswamy Stadium, Bengaluru",0,162.5
SS Iyer,"MA Chidambaram Stadium, Chepauk, Chennai",1,114.29
SS Iyer,"Narendra Modi Stadium, Ahmedabad",0,241.67
SS Iyer,"Wankhede Stadium, Mumbai",1,150
SS Prabhudessai,"Bharat Ratna Shri Atal Bihari Vajpayee Ekana Cricket Stadium, Lucknow",1,85.71
SS Prabhudessai,"Eden Gardens, Kolkata",1,133.33
SS Prabhudessai,"M Chinnaswamy Stadium, Bengaluru",2,131.82
SV Samson,"Arun Jaitley Stadium, Delhi",1,191.11
SV Samson,"Barsapara Cricket Stadium, Guwahati",3,136.36
SV Samson,"Bharat Ratna Shri Atal Bihari Vajpayee Ekana Cricket Stadium, Lucknow",0,215.15
SV Samson,"Eden Gardens, Kolkata",1,162.16
SV Samson,"Himachal Pradesh Cricket Association Stadium, Dharamsala",1,66.67
SV Samson,"M Chinnaswamy Stadium, Bengaluru",1,146.67
SV Samson,"MA Chidambaram Stadium, Chepauk, Chennai",3,78.12
SV Samson,"Maharaja Yadavindra Singh International Cricket Stadium, Mullanpur",1,128.57
SV Samson,"Narendra Modi Stadium, Ahmedabad",1,171.11
SV Samson,"Rajiv Gandhi International Stadium, Uppal, Hyderabad",2,157.14
SV Samson,"Sawai Mansingh Stadium, Jaipur",6,152.34
SV Samson,"Wankhede Stadium, Mumbai",2,130
SZ Mulani,"Narendra Modi Stadium, Ahmedabad",0,100
Sameer Rizvi,"Bharat Ratna Shri Atal Bihari Vajpayee Ekana Cricket Stadium, Lucknow",1,20
Sameer Rizvi,"Dr. Y.S. Rajasekhara Reddy ACA-VDCA Cricket Stadium, Visakhapatnam",1,0
Sameer Rizvi,"MA Chidambaram Stadium, Chepauk, Chennai",2,135.14
Sandeep Sharma,"Sawai Mansingh Stadium, Jaipur",0,33.33
Sanvir Singh,"Narendra Modi Stadium, Ahmedabad",2,100
Sanvir Singh,"Rajiv Gandhi International Stadium, Uppal, Hyderabad",0,150
Sanvir Singh,"Wankhede Stadium, Mumbai",0,120
Saurav Chauhan,"M Chinnaswamy Stadium, Bengaluru",1,0
Saurav Chauhan,"Sawai Mansingh Stadium, Jaipur",1,150
Saurav Chauhan,"Wankhede Stadium, Mumbai",1,112.5
Shahbaz Ahmed,"Arun Jaitley Stadium, Delhi",1,203.45
Shahbaz Ahmed,"Eden Gardens, Kolkata",2,170
Shahbaz Ahmed,"M Chinnaswamy Stadium, Bengaluru",3,116.13
Shahbaz Ahmed,"MA Chidambaram Stadium, Chepauk, Chennai",3,110
Shahbaz Ahmed,"Maharaja Yadavindra Singh International Cricket Stadium, Mullanpur",0,200
Shahbaz Ahmed,"Narendra Modi Stadium, Ahmedabad",2,104.76
Shahbaz Ahmed,"Punjab Cricket Association IS Bindra Stadium, Mohali, Chandigarh",0,166.67
Shahbaz Ahmed,"Rajiv Gandhi International Stadium, Uppal, Hyderabad",2,98.39
Shahbaz Ahmed,"Wankhede Stadium, Mumbai",1,83.33
Shashank Singh,"Barsapara Cricket Stadium, Guwahati",1,0
Shashank Singh,"Bharat Ratna Shri Atal Bihari Vajpayee Ekana Cricket Stadium, Lucknow",0,128.57
Shashank Singh,"Eden Gardens, Kolkata",0,242.86
Shashank Singh,"Himachal Pradesh Cricket Association Stadium, Dharamsala",1,164.1
Shashank Singh,"M Chinnaswamy Stadium, Bengaluru",0,262.5
Shashank Singh,"MA Chidambaram Stadium, Chepauk, Chennai",0,96.15
Shashank Singh,"Maharaja Yadavindra Singh International Cricket Stadium, Mullanpur",4,144.44
Shashank Singh,"Narendra Modi Stadium, Ahmedabad",0,210.34
Shashank Singh,"Rajiv Gandhi International Stadium, Uppal, Hyderabad",1,50
Shivam Singh,"Rajiv Gandhi International Stadium, Uppal, Hyderabad",0,66.67
Shubman Gill,"Arun Jaitley Stadium, Delhi",2,94.12
Shubman Gill,"Bharat Ratna Shri Atal Bihari Vajpayee Ekana Cricket Stadium, Lucknow",2,82.61
Shubman Gill,"Eden Gardens, Kolkata",1,140
Shubman Gill,"M Chinnaswamy Stadium, Bengaluru",1,182.76
Shubman Gill,"MA Chidambaram Stadium, Chepauk, Chennai",2,116.28
Shubman Gill,"Maharaja Yadavindra Singh International Cricket Stadium, Mullanpur",1,120.69
Shubman Gill,"Narendra Modi Stadium, Ahmedabad",14,168.31
Shubman Gill,"Punjab Cricket Association IS Bindra Stadium, Mohali, Chandigarh",1,136.73
Shubman Gill,"Sawai Mansingh Stadium, Jaipur",1,138.46
Shubman Gill,"Wankhede Stadium, Mumbai",1,66.67
Sikandar Raza,"Arun Jaitley Stadium, Delhi",0,157.14
Sikandar Raza,"Barsapara Cricket Stadium, Guwahati",1,50
Sikandar Raza,"Bharat Ratna Shri Atal Bihari Vajpayee Ekana Cricket Stadium, Lucknow",1,139.02
Sikandar Raza,"MA Chidambaram Stadium, Chepauk, Chennai",0,185.71
Sikandar Raza,"Maharaja Yadavindra Singh International Cricket Stadium, Mullanpur",1,127.27
Sikandar Raza,"Narendra Modi Stadium, Ahmedabad",1,93.75
Sikandar Raza,"Punjab Cricket Association IS Bindra Stadium, Mohali, Chandigarh",2,148.57
Sikandar Raza,"Rajiv Gandhi International Stadium, Uppal, Hyderabad",1,83.33
Sumit Kumar,"Dr. Y.S. Rajasekhara Reddy ACA-VDCA Cricket Stadium, Visakhapatnam",1,116.67
Sumit Kumar,"Maharaja Yadavindra Singh International Cricket Stadium, Mullanpur",1,22.22
Sumit Kumar,"Narendra Modi Stadium, Ahmedabad",0,100
Swapnil Singh,"Himachal Pradesh Cricket Association Stadium, Dharamsala",0,100
Swapnil Singh,"M Chinnaswamy Stadium, Bengaluru",1,150
Swapnil Singh,"Narendra Modi Stadium, Ahmedabad",0,137.5
Swapnil Singh,"Rajiv Gandhi International Stadium, Uppal, Hyderabad",1,200
T Kohler-Cadmore,"Barsapara Cricket Stadium, Guwahati",1,78.26
T Kohler-Cadmore,"MA Chidambaram Stadium, Chepauk, Chennai",1,62.5
T Kohler-Cadmore,"Narendra Modi Stadium, Ahmedabad",1,133.33
T Stubbs,"Arun Jaitley Stadium, Delhi",2,206.82
T Stubbs,"Bharat Ratna Shri Atal Bihari Vajpayee Ekana Cricket Stadium, Lucknow",0,166.67
T Stubbs,"Dr. Y.S. Rajasekhara Reddy ACA-VDCA Cricket Stadium, Visakhapatnam",2,158.82
T Stubbs,"Eden Gardens, Kolkata",1,57.14
T Stubbs,"M Chinnaswamy Stadium, Bengaluru",0,75
T Stubbs,"MA Chidambaram Stadium, Chepauk, Chennai",1,95.24
T Stubbs,"Maharaja Yadavindra Singh International Cricket Stadium, Mullanpur",1,62.5
T Stubbs,"Sawai Mansingh Stadium, Jaipur",0,191.3
T Stubbs,"Wankhede Stadium, Mumbai",1,205.88
TA Boult,"Arun Jaitley Stadium, Delhi",0,66.67
TA Boult,"Barsapara Cricket Stadium, Guwahati",1,133.33
TA Boult,"Eden Gardens, Kolkata",0,0
TA Boult,"Himachal Pradesh Cricket Association Stadium, Dharamsala",0,50
TA Boult,"MA Chidambaram Stadium, Chepauk, Chennai",0,0
TA Boult,"Narendra Modi Stadium, Ahmedabad",0,0
TA Boult,"Sawai Mansingh Stadium, Jaipur",1,136.36
TH David,"Arun Jaitley Stadium, Delhi",1,178.57
TH David,"Bharat Ratna Shri Atal Bihari Vajpayee Ekana Cricket Stadium, Lucknow",0,183.33
TH David,"Eden Gardens, Kolkata",1,0
TH David,"M Chinnaswamy Stadium, Bengaluru",1,57.14
TH David,"MA Chidambaram Stadium, Chepauk, Chennai",2,88.24
TH David,"Maharaja Yadavindra Singh International Cricket Stadium, Mullanpur",1,200
TH David,"Narendra Modi Stadium, Ahmedabad",3,86.67
TH David,"Punjab Cricket Association IS Bindra Stadium, Mohali, Chandigarh",0,190
TH David,"Rajiv Gandhi International Stadium, Uppal, Hyderabad",0,175.76
TH David,"Sawai Mansingh Stadium, Jaipur",1,60
TH David,"Wankhede Stadium, Mumbai",6,165.19
TM Head,"Arun Jaitley Stadium, Delhi",1,278.12
TM Head,"M Chinnaswamy Stadium, Bengaluru",1,248.78
TM Head,"MA Chidambaram Stadium, Chepauk, Chennai",3,130.56
TM Head,"Maharaja Yadavindra Singh International Cricket Stadium, Mullanpur",1,140
TM Head,"Narendra Modi Stadium, Ahmedabad",2,118.75
TM Head,"Rajiv Gandhi International Stadium, Uppal, Hyderabad",5,191.27
TM Head,"Wankhede Stadium, Mumbai",1,157.14
TU Deshpande,"Himachal Pradesh Cricket Association Stadium, Dharamsala",0,0
TU Deshpande,"MA Chidambaram Stadium, Chepauk, Chennai",0,0
Tanush Kotian,"Maharaja Yadavindra Singh International Cricket Stadium, Mullanpur",1,77.42
Tilak Varma,"Arun Jaitley Stadium, Delhi",2,170.49
Tilak Varma,"Bharat Ratna Shri Atal Bihari Vajpayee Ekana Cricket Stadium, Lucknow",1,63.64
Tilak Varma,"Eden Gardens, Kolkata",1,188.24
Tilak Varma,"M Chinnaswamy Stadium, Bengaluru",0,184.44
Tilak Varma,"MA Chidambaram Stadium, Chepauk, Chennai",1,118.18
Tilak Varma,"Maharaja Yadavindra Singh International Cricket Stadium, Mullanpur",0,188.89
Tilak Varma,"Narendra Modi Stadium, Ahmedabad",3,194.44
Tilak Varma,"Punjab Cricket Association IS Bindra Stadium, Mohali, Chandigarh",0,260
Tilak Varma,"Rajiv Gandhi International Stadium, Uppal, Hyderabad",2,200
Tilak Varma,"Sawai Mansingh Stadium, Jaipur",1,144.44
Tilak Varma,"Wankhede Stadium, Mumbai",7,123.53
UT Yadav,"Arun Jaitley Stadium, Delhi",1,60
UT Yadav,"Bharat Ratna Shri Atal Bihari Vajpayee Ekana Cricket Stadium, Lucknow",1,50
UT Yadav,"Eden Gardens, Kolkata",1,157.14
UT Yadav,"MA Chidambaram Stadium, Chepauk, Chennai",0,90.91
UT Yadav,"Narendra Modi Stadium, Ahmedabad",0,83.33
Umran Malik,"Rajiv Gandhi International Stadium, Uppal, Hyderabad",0,185.71
V Kohli,"Arun Jaitley Stadium, Delhi",1,119.57
V Kohli,"Bharat Ratna Shri Atal Bihari Vajpayee Ekana Cricket Stadium, Lucknow",1,103.33
V Kohli,"Eden Gardens, Kolkata",2,156
V Kohli,"Himachal Pradesh Cricket Association Stadium, Dharamsala",1,195.74
V Kohli,"M Chinnaswamy Stadium, Bengaluru",12,156.66
V Kohli,"MA Chidambaram Stadium, Chepauk, Chennai",1,105
V Kohli,"Narendra Modi Stadium, Ahmedabad",1,151.47
V Kohli,"Punjab Cricket Association IS Bindra Stadium, Mohali, Chandigarh",1,125.53
V Kohli,"Rajiv Gandhi International Stadium, Uppal, Hyderabad",2,142.45
V Kohli,"Sawai Mansingh Stadium, Jaipur",1,143.96
V Kohli,"Wankhede Stadium, Mumbai",2,30.77
V Shankar,"Arun Jaitley Stadium, Delhi",1,126.09
V Shankar,"Bharat Ratna Shri Atal Bihari Vajpayee Ekana Cricket Stadium, Lucknow",2,93.1
V Shankar,"Eden Gardens, Kolkata",0,212.5
V Shankar,"M Chinnaswamy Stadium, Bengaluru",2,150
V Shankar,"MA Chidambaram Stadium, Chepauk, Chennai",2,118.18
V Shankar,"Narendra Modi Stadium, Ahmedabad",4,146.32
V Shankar,"Sawai Mansingh Stadium, Jaipur",1,160
V Shankar,"Wankhede Stadium, Mumbai",1,207.14
V Viyaskanth,"Narendra Modi Stadium, Ahmedabad",0,140
VG Arora,"Eden Gardens, Kolkata",0,100
VG Arora,"MA Chidambaram Stadium, Chepauk, Chennai",0,100
VG Arora,"Rajiv Gandhi International Stadium, Uppal, Hyderabad",0,200
VR Iyer,"Arun Jaitley Stadium, Delhi",1,0
VR Iyer,"Bharat Ratna Shri Atal Bihari Vajpayee Ekana Cricket Stadium, Lucknow",0,100
VR Iyer,"Dr. Y.S. Rajasekhara Reddy ACA-VDCA Cricket Stadium, Visakhapatnam",0,250
VR Iyer,"Eden Gardens, Kolkata",12,131.73
VR Iyer,"M Chinnaswamy Stadium, Bengaluru",2,144.64
VR Iyer,"MA Chidambaram Stadium, Chepauk, Chennai",2,168.42
VR Iyer,"Narendra Modi Stadium, Ahmedabad",1,197.06
VR Iyer,"Punjab Cricket Association IS Bindra Stadium, Mohali, Chandigarh",1,103.7
VR Iyer,"Rajiv Gandhi International Stadium, Uppal, Hyderabad",1,175
VR Iyer,"Wankhede Stadium, Mumbai",3,168.93
Vijaykumar Vyshak,"M Chinnaswamy Stadium, Bengaluru",1,127.27
Vijaykumar Vyshak,"Wankhede Stadium, Mumbai",1,0
Vishnu Vinod,"Bharat Ratna Shri Atal Bihari Vajpayee Ekana Cricket Stadium, Lucknow",1,33.33
Vishnu Vinod,"Narendra Modi Stadium, Ahmedabad",1,71.43
Vishnu Vinod,"Wankhede Stadium, Mumbai",1,150
Vivrant Sharma,"Wankhede Stadium, Mumbai",1,146.81
WD Parnell,"M Chinnaswamy Stadium, Bengaluru",1,40
WG Jacks,"Eden Gardens, Kolkata",1,171.88
WG Jacks,"Himachal Pradesh Cricket Association Stadium, Dharamsala",1,171.43
WG Jacks,"M Chinnaswamy Stadium, Bengaluru",2,136.11
WG Jacks,"Narendra Modi Stadium, Ahmedabad",0,235
WG Jacks,"Rajiv Gandhi International Stadium, Uppal, Hyderabad",1,66.67
WG Jacks,"Wankhede Stadium, Mumbai",1,133.33
WP Saha,"Arun Jaitley Stadium, Delhi",2,165.62
WP Saha,"Bharat Ratna Shri Atal Bihari Vajpayee Ekana Cricket Stadium, Lucknow",1,127.03
WP Saha,"Eden Gardens, Kolkata",1,100
WP Saha,"M Chinnaswamy Stadium, Bengaluru",2,61.9
WP Saha,"MA Chidambaram Stadium, Chepauk, Chennai",2,117.86
WP Saha,"Maharaja Yadavindra Singh International Cricket Stadium, Mullanpur",1,118.18
WP Saha,"Narendra Modi Stadium, Ahmedabad",13,130.05
WP Saha,"Punjab Cricket Association IS Bindra Stadium, Mohali, Chandigarh",1,157.89
WP Saha,"Sawai Mansingh Stadium, Jaipur",0,120.59
WP Saha,"Wankhede Stadium, Mumbai",1,40
Washington Sundar,"Bharat Ratna Shri Atal Bihari Vajpayee Ekana Cricket Stadium, Lucknow",1,57.14
Washington Sundar,"MA Chidambaram Stadium, Chepauk, Chennai",0,150
Washington Sundar,"Narendra Modi Stadium, Ahmedabad",1,0
Washington Sundar,"Rajiv Gandhi International Stadium, Uppal, Hyderabad",2,134.62
YBK Jaiswal,"Arun Jaitley Stadium, Delhi",1,200
YBK Jaiswal,"Barsapara Cricket Stadium, Guwahati",3,174.42
YBK Jaiswal,"Bharat Ratna Shri Atal Bihari Vajpayee Ekana Cricket Stadium, Lucknow",1,133.33
YBK Jaiswal,"Eden Gardens, Kolkata",1,208.93
YBK Jaiswal,"Himachal Pradesh Cricket Association Stadium, Dharamsala",1,138.89
YBK Jaiswal,"M Chinnaswamy Stadium, Bengaluru",1,127.03
YBK Jaiswal,"MA Chidambaram Stadium, Chepauk, Chennai",3,152
YBK Jaiswal,"Maharaja Yadavindra Singh International Cricket Stadium, Mullanpur",1,139.29
YBK Jaiswal,"Narendra Modi Stadium, Ahmedabad",2,124.32
YBK Jaiswal,"Rajiv Gandhi International Stadium, Uppal, Hyderabad",2,157.89
YBK Jaiswal,"Sawai Mansingh Stadium, Jaipur",8,156.46
YBK Jaiswal,"Wankhede Stadium, Mumbai",2,191.04
YV Dhull,"Arun Jaitley Stadium, Delhi",2,78.95
YV Dhull,"M Chinnaswamy Stadium, Bengaluru",1,25
Yudhvir Singh,"Arun Jaitley Stadium, Delhi",1,200
Yudhvir Singh,"Bharat Ratna Shri Atal Bihari Vajpayee Ekana Cricket Stadium, Lucknow",2,87.5
Yudhvir Singh,"Sawai Mansingh Stadium, Jaipur",1,100
