bowler,venue,wickets,economy
A Badoni,"Punjab Cricket Association IS Bindra Stadium, Mohali, Chandigarh",0,0
A Badoni,"Rajiv Gandhi International Stadium, Uppal, Hyderabad",0,19
A Badoni,"Sawai Mansingh Stadium, Jaipur",0,6
A Kamboj,"Eden Gardens, Kolkata",1,7.67
A Kamboj,"Wankhede Stadium, Mumbai",1,11.43
A Mishra,"Bharat Ratna Shri Atal Bihari Vajpayee Ekana Cricket Stadium, Lucknow",6,6.73
A Mishra,"M Chinnaswamy Stadium, Bengaluru",1,9
A Mishra,"Punjab Cricket Association IS Bindra Stadium, Mohali, Chandigarh",0,11.5
A Mishra,"Rajiv Gandhi International Stadium, Uppal, Hyderabad",1,9.75
A Mishra,"Sawai Mansingh Stadium, Jaipur",0,8
A Nortje,"Arun Jaitley Stadium, Delhi",6,9.62
A Nortje,"Barsapara Cricket Stadium, Guwahati",0,11
A Nortje,"Dr. Y.S. Rajasekhara Reddy ACA-VDCA Cricket Stadium, Visakhapatnam",3,12.62
A Nortje,"Himachal Pradesh Cricket Association Stadium, Dharamsala",3,9.25
A Nortje,"M Chinnaswamy Stadium, Bengaluru",0,7.5
A Nortje,"Narendra Modi Stadium, Ahmedabad",1,9.25
A Nortje,"Rajiv Gandhi International Stadium, Uppal, Hyderabad",2,8.25
A Nortje,"Sawai Mansingh Stadium, Jaipur",1,12.5
A Nortje,"Wankhede Stadium, Mumbai",2,13.75
A Zampa,"Himachal Pradesh Cricket Association Stadium, Dharamsala",1,6.5
A Zampa,"MA Chidambaram Stadium, Chepauk, Chennai",1,10.25
A Zampa,"Narendra Modi Stadium, Ahmedabad",2,8
A Zampa,"Sawai Mansingh Stadium, Jaipur",5,8.8
AD Russell,"Arun Jaitley Stadium, Delhi",0,10
AD Russell,"Bharat Ratna Shri Atal Bihari Vajpayee Ekana Cricket Stadium, Lucknow",2,7.5
AD Russell,"Dr. Y.S. Rajasekhara Reddy ACA-VDCA Cricket Stadium, Visakhapatnam",1,10.5
AD Russell,"Eden Gardens, Kolkata",12,11.91
AD Russell,"M Chinnaswamy Stadium, Bengaluru",4,7.25
AD Russell,"MA Chidambaram Stadium, Chepauk, Chennai",3,7.14
AD Russell,"Narendra Modi Stadium, Ahmedabad",1,10
AD Russell,"Rajiv Gandhi International Stadium, Uppal, Hyderabad",1,10
AD Russell,"Wankhede Stadium, Mumbai",2,9.8
AJ Hosein,"Arun Jaitley Stadium, Delhi",1,10.25
AK Markram,"Bharat Ratna Shri Atal Bihari Vajpayee Ekana Cricket Stadium, Lucknow",0,7
AK Markram,"MA Chidambaram Stadium, Chepauk, Chennai",0,8.33
AK Markram,"Narendra Modi Stadium, Ahmedabad",0,13
AK Markram,"Rajiv Gandhi International Stadium, Uppal, Hyderabad",1,8
AK Markram,"Wankhede Stadium, Mumbai",0,6
AR Patel,"Arun Jaitley Stadium, Delhi",8,7.68
AR Patel,"Barsapara Cricket Stadium, Guwahati",0,9.5
AR Patel,"Bharat Ratna Shri Atal Bihari Vajpayee Ekana Cricket Stadium, Lucknow",1,8.12
AR Patel,"Dr. Y.S. Rajasekhara Reddy ACA-VDCA Cricket Stadium, Visakhapatnam",1,9.75
AR Patel,"Eden Gardens, Kolkata",2,6.25
AR Patel,"Himachal Pradesh Cricket Association Stadium, Dharamsala",1,9
AR Patel,"M Chinnaswamy Stadium, Bengaluru",1,8.17
AR Patel,"MA Chidambaram Stadium, Chepauk, Chennai",2,6.75
AR Patel,"Maharaja Yadavindra Singh International Cricket Stadium, Mullanpur",0,6.5
AR Patel,"Narendra Modi Stadium, Ahmedabad",1,4.88
AR Patel,"Rajiv Gandhi International Stadium, Uppal, Hyderabad",2,5.25
AR Patel,"Sawai Mansingh Stadium, Jaipur",1,5.25
AR Patel,"Wankhede Stadium, Mumbai",2,8.75
AS Joseph,"Arun Jaitley Stadium, Delhi",2,7
AS Joseph,"M Chinnaswamy Stadium, Bengaluru",1,12.33
AS Joseph,"MA Chidambaram Stadium, Chepauk, Chennai",0,11.45
AS Joseph,"Narendra Modi Stadium, Ahmedabad",4,9.42
AS Joseph,"Punjab Cricket Association IS Bindra Stadium, Mohali, Chandigarh",1,6.75
AS Joseph,"Wankhede Stadium, Mumbai",0,13
AS Roy,"Arun Jaitley Stadium, Delhi",2,4.25
AS Roy,"Eden Gardens, Kolkata",1,18.67
AS Roy,"M Chinnaswamy Stadium, Bengaluru",0,3
AS Roy,"MA Chidambaram Stadium, Chepauk, Chennai",0,10.8
AS Roy,"Rajiv Gandhi International Stadium, Uppal, Hyderabad",1,8.33
AU Rashid,"Bharat Ratna Shri Atal Bihari Vajpayee Ekana Cricket Stadium, Lucknow",2,7.67
AU Rashid,"Rajiv Gandhi International Stadium, Uppal, Hyderabad",0,8.25
Abhishek Sharma,"Arun Jaitley Stadium, Delhi",1,8.67
Abhishek Sharma,"M Chinnaswamy Stadium, Bengaluru",0,10
Abhishek Sharma,"MA Chidambaram Stadium, Chepauk, Chennai",2,6
Abhishek Sharma,"Narendra Modi Stadium, Ahmedabad",0,12
Abhishek Sharma,"Rajiv Gandhi International Stadium, Uppal, Hyderabad",1,10.88
Abhishek Sharma,"Sawai Mansingh Stadium, Jaipur",0,8
Akash Deep,"Eden Gardens, Kolkata",0,12
Akash Deep,"M Chinnaswamy Stadium, Bengaluru",1,9.67
Akash Deep,"Wankhede Stadium, Mumbai",1,15.14
Akash Madhwal,"Bharat Ratna Shri Atal Bihari Vajpayee Ekana Cricket Stadium, Lucknow",0,7.25
Akash Madhwal,"MA Chidambaram Stadium, Chepauk, Chennai",7,2.22
Akash Madhwal,"Maharaja Yadavindra Singh International Cricket Stadium, Mullanpur",2,11.68
Akash Madhwal,"Narendra Modi Stadium, Ahmedabad",2,11.25
Akash Madhwal,"Punjab Cricket Association IS Bindra Stadium, Mohali, Chandigarh",0,12
Akash Madhwal,"Wankhede Stadium, Mumbai",11,9.48
Akash Singh,"Eden Gardens, Kolkata",1,7
Akash Singh,"M Chinnaswamy Stadium, Bengaluru",1,11.67
Akash Singh,"MA Chidambaram Stadium, Chepauk, Chennai",3,9
Akash Singh,"Sawai Mansingh Stadium, Jaipur",0,16
Arjun Tendulkar,"Narendra Modi Stadium, Ahmedabad",1,4.5
Arjun Tendulkar,"Rajiv Gandhi International Stadium, Uppal, Hyderabad",2,6
Arjun Tendulkar,"Wankhede Stadium, Mumbai",1,10.5
Arshad Khan,"Arun Jaitley Stadium, Delhi",1,12.75
Arshad Khan,"Bharat Ratna Shri Atal Bihari Vajpayee Ekana Cricket Stadium, Lucknow",0,10.74
Arshad Khan,"M Chinnaswamy Stadium, Bengaluru",1,10.71
Arshad Khan,"MA Chidambaram Stadium, Chepauk, Chennai",0,16.8
Arshad Khan,"Punjab Cricket Association IS Bindra Stadium, Mohali, Chandigarh",1,11.75
Arshad Khan,"Wankhede Stadium, Mumbai",3,10.47
Arshad Khan (2),"Eden Gardens, Kolkata",0,11.5
Arshdeep Singh,"Arun Jaitley Stadium, Delhi",0,8
Arshdeep Singh,"Barsapara Cricket Stadium, Guwahati",3,9.5
Arshdeep Singh,"Bharat Ratna Shri Atal Bihari Vajpayee Ekana Cricket Stadium, Lucknow",3,8.5
Arshdeep Singh,"Eden Gardens, Kolkata",3,9.75
Arshdeep Singh,"Himachal Pradesh Cricket Association Stadium, Dharamsala",4,10.62
Arshdeep Singh,"M Chinnaswamy Stadium, Bengaluru",0,11.7
Arshdeep Singh,"MA Chidambaram Stadium, Chepauk, Chennai",3,10.12
Arshdeep Singh,"Maharaja Yadavindra Singh International Cricket Stadium, Mullanpur",8,8.71
Arshdeep Singh,"Narendra Modi Stadium, Ahmedabad",0,9.25
Arshdeep Singh,"Punjab Cricket Association IS Bindra Stadium, Mohali, Chandigarh",7,10.78
Arshdeep Singh,"Rajiv Gandhi International Stadium, Uppal, Hyderabad",3,8.14
Arshdeep Singh,"Wankhede Stadium, Mumbai",4,7
Atharva Taide,"Rajiv Gandhi International Stadium, Uppal, Hyderabad",0,24
Avesh Khan,"Arun Jaitley Stadium, Delhi",0,21
Avesh Khan,"Barsapara Cricket Stadium, Guwahati",2,7.3
Avesh Khan,"Bharat Ratna Shri Atal Bihari Vajpayee Ekana Cricket Stadium, Lucknow",3,7.71
Avesh Khan,"Eden Gardens, Kolkata",2,9.5
Avesh Khan,"M Chinnaswamy Stadium, Bengaluru",0,13.75
Avesh Khan,"MA Chidambaram Stadium, Chepauk, Chennai",6,7.78
Avesh Khan,"Maharaja Yadavindra Singh International Cricket Stadium, Mullanpur",2,8.75
Avesh Khan,"Narendra Modi Stadium, Ahmedabad",4,9.88
Avesh Khan,"Punjab Cricket Association IS Bindra Stadium, Mohali, Chandigarh",0,14
Avesh Khan,"Rajiv Gandhi International Stadium, Uppal, Hyderabad",3,11
Avesh Khan,"Sawai Mansingh Stadium, Jaipur",7,9.17
Avesh Khan,"Wankhede Stadium, Mumbai",1,7.5
Azmatullah Omarzai,"Arun Jaitley Stadium, Delhi",0,8.5
Azmatullah Omarzai,"MA Chidambaram Stadium, Chepauk, Chennai",0,10
Azmatullah Omarzai,"Maharaja Yadavindra Singh International Cricket Stadium, Mullanpur",0,6.5
Azmatullah Omarzai,"Narendra Modi Stadium, Ahmedabad",4,9.33
B Kumar,"Arun Jaitley Stadium, Delhi",2,9.12
B Kumar,"Bharat Ratna Shri Atal Bihari Vajpayee Ekana Cricket Stadium, Lucknow",1,7
B Kumar,"Eden Gardens, Kolkata",1,9.12
B Kumar,"M Chinnaswamy Stadium, Bengaluru",0,14
B Kumar,"MA Chidambaram Stadium, Chepauk, Chennai",1,9.73
B Kumar,"Maharaja Yadavindra Singh International Cricket Stadium, Mullanpur",2,7.75
B Kumar,"Narendra Modi Stadium, Ahmedabad",6,8.09
B Kumar,"Rajiv Gandhi International Stadium, Uppal, Hyderabad",14,8.54
B Kumar,"Sawai Mansingh Stadium, Jaipur",1,10.5
B Kumar,"Wankhede Stadium, Mumbai",2,7
BA Stokes,"MA Chidambaram Stadium, Chepauk, Chennai",0,18
C Green,"Arun Jaitley Stadium, Delhi",0,9.67
C Green,"Bharat Ratna Shri Atal Bihari Vajpayee Ekana Cricket Stadium, Lucknow",1,8.5
C Green,"Eden Gardens, Kolkata",2,8.5
C Green,"Himachal Pradesh Cricket Association Stadium, Dharamsala",0,16
C Green,"M Chinnaswamy Stadium, Bengaluru",5,8.41
C Green,"MA Chidambaram Stadium, Chepauk, Chennai",3,6.71
C Green,"Narendra Modi Stadium, Ahmedabad",2,12
C Green,"Punjab Cricket Association IS Bindra Stadium, Mohali, Chandigarh",0,7.5
C Green,"Rajiv Gandhi International Stadium, Uppal, Hyderabad",3,7
C Green,"Sawai Mansingh Stadium, Jaipur",0,8.21
C Green,"Wankhede Stadium, Mumbai",4,8.25
C Sakariya,"Arun Jaitley Stadium, Delhi",1,7.5
C Sakariya,"Bharat Ratna Shri Atal Bihari Vajpayee Ekana Cricket Stadium, Lucknow",2,12.5
CJ Jordan,"Bharat Ratna Shri Atal Bihari Vajpayee Ekana Cricket Stadium, Lucknow",0,12
CJ Jordan,"MA Chidambaram Stadium, Chepauk, Chennai",1,3.5
CJ Jordan,"Narendra Modi Stadium, Ahmedabad",0,12.75
CJ Jordan,"Wankhede Stadium, Mumbai",2,10.5
CV Varun,"Arun Jaitley Stadium, Delhi",2,4.25
CV Varun,"Bharat Ratna Shri Atal Bihari Vajpayee Ekana Cricket Stadium, Lucknow",3,10
CV Varun,"Dr. Y.S. Rajasekhara Reddy ACA-VDCA Cricket Stadium, Visakhapatnam",3,8.64
CV Varun,"Eden Gardens, Kolkata",20,8.93
CV Varun,"M Chinnaswamy Stadium, Bengaluru",3,7.83
CV Varun,"MA Chidambaram Stadium, Chepauk, Chennai",3,7.2
CV Varun,"Narendra Modi Stadium, Ahmedabad",2,7.5
CV Varun,"Punjab Cricket Association IS Bindra Stadium, Mohali, Chandigarh",1,6.5
CV Varun,"Rajiv Gandhi International Stadium, Uppal, Hyderabad",1,6
CV Varun,"Wankhede Stadium, Mumbai",3,7.38
D Jansen,"Wankhede Stadium, Mumbai",1,12.25
D Pretorius,"Wankhede Stadium, Mumbai",0,6.25
D Wiese,"Eden Gardens, Kolkata",0,12.67
DG Nalkande,"Bharat Ratna Shri Atal Bihari Vajpayee Ekana Cricket Stadium, Lucknow",2,10.5
DG Nalkande,"MA Chidambaram Stadium, Chepauk, Chennai",1,11
DG Nalkande,"Narendra Modi Stadium, Ahmedabad",1,8.12
DJ Hooda,"Arun Jaitley Stadium, Delhi",0,8
DJ Hooda,"Bharat Ratna Shri Atal Bihari Vajpayee Ekana Cricket Stadium, Lucknow",0,7
DJ Mitchell,"MA Chidambaram Stadium, Chepauk, Chennai",1,8.5
DJ Mitchell,"Narendra Modi Stadium, Ahmedabad",0,12.75
DJ Willey,"Eden Gardens, Kolkata",2,3.75
DJ Willey,"M Chinnaswamy Stadium, Bengaluru",2,7.91
DL Chahar,"Arun Jaitley Stadium, Delhi",3,5.5
DL Chahar,"Bharat Ratna Shri Atal Bihari Vajpayee Ekana Cricket Stadium, Lucknow",0,9.57
DL Chahar,"Dr. Y.S. Rajasekhara Reddy ACA-VDCA Cricket Stadium, Visakhapatnam",0,10.5
DL Chahar,"MA Chidambaram Stadium, Chepauk, Chennai",13,8.04
DL Chahar,"Narendra Modi Stadium, Ahmedabad",1,8.88
DL Chahar,"Rajiv Gandhi International Stadium, Uppal, Hyderabad",1,10.11
DL Chahar,"Wankhede Stadium, Mumbai",0,10
Fazalhaq Farooqi,"Bharat Ratna Shri Atal Bihari Vajpayee Ekana Cricket Stadium, Lucknow",1,4.33
Fazalhaq Farooqi,"Narendra Modi Stadium, Ahmedabad",1,10
Fazalhaq Farooqi,"Rajiv Gandhi International Stadium, Uppal, Hyderabad",2,9.55
G Coetzee,"Bharat Ratna Shri Atal Bihari Vajpayee Ekana Cricket Stadium, Lucknow",1,10
G Coetzee,"Maharaja Yadavindra Singh International Cricket Stadium, Mullanpur",3,7
G Coetzee,"Narendra Modi Stadium, Ahmedabad",2,7.25
G Coetzee,"Rajiv Gandhi International Stadium, Uppal, Hyderabad",1,13.5
G Coetzee,"Sawai Mansingh Stadium, Jaipur",0,11
G Coetzee,"Wankhede Stadium, Mumbai",6,10.36
GD Phillips,"Rajiv Gandhi International Stadium, Uppal, Hyderabad",1,6.67
GJ Maxwell,"Arun Jaitley Stadium, Delhi",0,9
GJ Maxwell,"Bharat Ratna Shri Atal Bihari Vajpayee Ekana Cricket Stadium, Lucknow",1,3
GJ Maxwell,"M Chinnaswamy Stadium, Bengaluru",7,8.28
GJ Maxwell,"MA Chidambaram Stadium, Chepauk, Chennai",0,7
GJ Maxwell,"Narendra Modi Stadium, Ahmedabad",1,9.33
GJ Maxwell,"Punjab Cricket Association IS Bindra Stadium, Mohali, Chandigarh",0,5
GJ Maxwell,"Sawai Mansingh Stadium, Jaipur",1,3
GJ Maxwell,"Wankhede Stadium, Mumbai",0,17
Gulbadin Naib,"Arun Jaitley Stadium, Delhi",0,12
Gurnoor Brar,"Punjab Cricket Association IS Bindra Stadium, Mohali, Chandigarh",0,12.67
H Sharma,"M Chinnaswamy Stadium, Bengaluru",0,11
H Sharma,"Sawai Mansingh Stadium, Jaipur",0,14.5
HH Pandya,"Arun Jaitley Stadium, Delhi",0,12.6
HH Pandya,"Bharat Ratna Shri Atal Bihari Vajpayee Ekana Cricket Stadium, Lucknow",3,6.4
HH Pandya,"Eden Gardens, Kolkata",0,11.17
HH Pandya,"Maharaja Yadavindra Singh International Cricket Stadium, Mullanpur",1,7.5
HH Pandya,"Narendra Modi Stadium, Ahmedabad",2,9.47
HH Pandya,"Rajiv Gandhi International Stadium, Uppal, Hyderabad",1,11.5
HH Pandya,"Sawai Mansingh Stadium, Jaipur",1,11
HH Pandya,"Wankhede Stadium, Mumbai",8,10.86
HR Shokeen,"Arun Jaitley Stadium, Delhi",1,9
HR Shokeen,"Bharat Ratna Shri Atal Bihari Vajpayee Ekana Cricket Stadium, Lucknow",0,7
HR Shokeen,"M Chinnaswamy Stadium, Bengaluru",0,17
HR Shokeen,"MA Chidambaram Stadium, Chepauk, Chennai",0,17
HR Shokeen,"Rajiv Gandhi International Stadium, Uppal, Hyderabad",0,12
HR Shokeen,"Wankhede Stadium, Mumbai",2,8.44
HV Patel,"Arun Jaitley Stadium, Delhi",1,15.5
HV Patel,"Barsapara Cricket Stadium, Guwahati",3,6.75
HV Patel,"Bharat Ratna Shri Atal Bihari Vajpayee Ekana Cricket Stadium, Lucknow",3,8.04
HV Patel,"Eden Gardens, Kolkata",3,14
HV Patel,"Himachal Pradesh Cricket Association Stadium, Dharamsala",6,7.5
HV Patel,"M Chinnaswamy Stadium, Bengaluru",10,9.45
HV Patel,"MA Chidambaram Stadium, Chepauk, Chennai",0,7
HV Patel,"Maharaja Yadavindra Singh International Cricket Stadium, Mullanpur",14,8.59
HV Patel,"Narendra Modi Stadium, Ahmedabad",1,10.25
HV Patel,"Punjab Cricket Association IS Bindra Stadium, Mohali, Chandigarh",1,4.5
HV Patel,"Rajiv Gandhi International Stadium, Uppal, Hyderabad",3,9.38
HV Patel,"Wankhede Stadium, Mumbai",0,12.27
Harpreet Brar,"Arun Jaitley Stadium, Delhi",4,7.25
Harpreet Brar,"Barsapara Cricket Stadium, Guwahati",0,8.33
Harpreet Brar,"Bharat Ratna Shri Atal Bihari Vajpayee Ekana Cricket Stadium, Lucknow",1,6
Harpreet Brar,"Eden Gardens, Kolkata",1,8.33
Harpreet Brar,"Himachal Pradesh Cricket Association Stadium, Dharamsala",0,14
Harpreet Brar,"M Chinnaswamy Stadium, Bengaluru",2,4.25
Harpreet Brar,"MA Chidambaram Stadium, Chepauk, Chennai",2,4
Harpreet Brar,"Maharaja Yadavindra Singh International Cricket Stadium, Mullanpur",1,8.29
Harpreet Brar,"Narendra Modi Stadium, Ahmedabad",1,8.25
Harpreet Brar,"Punjab Cricket Association IS Bindra Stadium, Mohali, Chandigarh",3,8
Harpreet Brar,"Rajiv Gandhi International Stadium, Uppal, Hyderabad",1,9.41
Harpreet Brar,"Wankhede Stadium, Mumbai",0,7.5
Harshit Rana,"Bharat Ratna Shri Atal Bihari Vajpayee Ekana Cricket Stadium, Lucknow",3,7.26
Harshit Rana,"Eden Gardens, Kolkata",17,9.58
Harshit Rana,"M Chinnaswamy Stadium, Bengaluru",2,9.5
Harshit Rana,"MA Chidambaram Stadium, Chepauk, Chennai",2,7
Harshit Rana,"Narendra Modi Stadium, Ahmedabad",1,6.5
Harshit Rana,"Rajiv Gandhi International Stadium, Uppal, Hyderabad",1,6.75
I Sharma,"Arun Jaitley Stadium, Delhi",8,8.45
I Sharma,"Bharat Ratna Shri Atal Bihari Vajpayee Ekana Cricket Stadium, Lucknow",1,8
I Sharma,"Dr. Y.S. Rajasekhara Reddy ACA-VDCA Cricket Stadium, Visakhapatnam",2,10.67
I Sharma,"Himachal Pradesh Cricket Association Stadium, Dharamsala",2,10
I Sharma,"M Chinnaswamy Stadium, Bengaluru",1,9.33
I Sharma,"MA Chidambaram Stadium, Chepauk, Chennai",0,11
I Sharma,"Maharaja Yadavindra Singh International Cricket Stadium, Mullanpur",2,6.5
I Sharma,"Narendra Modi Stadium, Ahmedabad",5,4.67
I Sharma,"Rajiv Gandhi International Stadium, Uppal, Hyderabad",1,6
I Sharma,"Wankhede Stadium, Mumbai",0,10.67
J Little,"Arun Jaitley Stadium, Delhi",0,6.75
J Little,"Eden Gardens, Kolkata",2,6.25
J Little,"M Chinnaswamy Stadium, Bengaluru",4,11
J Little,"Narendra Modi Stadium, Ahmedabad",3,10.22
J Little,"Punjab Cricket Association IS Bindra Stadium, Mohali, Chandigarh",3,7.25
J Little,"Sawai Mansingh Stadium, Jaipur",1,6
J Yadav,"Bharat Ratna Shri Atal Bihari Vajpayee Ekana Cricket Stadium, Lucknow",0,6.5
JA Richardson,"Wankhede Stadium, Mumbai",0,9.5
JC Archer,"M Chinnaswamy Stadium, Bengaluru",0,8.25
JC Archer,"MA Chidambaram Stadium, Chepauk, Chennai",0,6
JC Archer,"Punjab Cricket Association IS Bindra Stadium, Mohali, Chandigarh",0,13
JC Archer,"Wankhede Stadium, Mumbai",2,9.12
JD Unadkat,"Bharat Ratna Shri Atal Bihari Vajpayee Ekana Cricket Stadium, Lucknow",1,9.67
JD Unadkat,"M Chinnaswamy Stadium, Bengaluru",1,15.5
JD Unadkat,"MA Chidambaram Stadium, Chepauk, Chennai",1,8.33
JD Unadkat,"Maharaja Yadavindra Singh International Cricket Stadium, Mullanpur",1,11.5
JD Unadkat,"Narendra Modi Stadium, Ahmedabad",0,10.42
JD Unadkat,"Rajiv Gandhi International Stadium, Uppal, Hyderabad",6,8.94
JE Root,"Eden Gardens, Kolkata",0,7.5
JJ Bumrah,"Arun Jaitley Stadium, Delhi",1,6.75
JJ Bumrah,"Bharat Ratna Shri Atal Bihari Vajpayee Ekana Cricket Stadium, Lucknow",0,4.25
JJ Bumrah,"Eden Gardens, Kolkata",3,10
JJ Bumrah,"Maharaja Yadavindra Singh International Cricket Stadium, Mullanpur",3,4.75
JJ Bumrah,"Narendra Modi Stadium, Ahmedabad",3,3.75
JJ Bumrah,"Rajiv Gandhi International Stadium, Uppal, Hyderabad",0,8.25
JJ Bumrah,"Sawai Mansingh Stadium, Jaipur",0,8.5
JJ Bumrah,"Wankhede Stadium, Mumbai",11,5.33
JO Holder,"Barsapara Cricket Stadium, Guwahati",2,8.14
JO Holder,"M Chinnaswamy Stadium, Bengaluru",0,8.5
JO Holder,"MA Chidambaram Stadium, Chepauk, Chennai",0,12.33
JO Holder,"Rajiv Gandhi International Stadium, Uppal, Hyderabad",1,5.33
JO Holder,"Sawai Mansingh Stadium, Jaipur",1,11
JO Holder,"Wankhede Stadium, Mumbai",0,15.14
JP Behrendorff,"Arun Jaitley Stadium, Delhi",4,7.67
JP Behrendorff,"Bharat Ratna Shri Atal Bihari Vajpayee Ekana Cricket Stadium, Lucknow",2,7.75
JP Behrendorff,"M Chinnaswamy Stadium, Bengaluru",0,12.33
JP Behrendorff,"MA Chidambaram Stadium, Chepauk, Chennai",0,7.67
JP Behrendorff,"Narendra Modi Stadium, Ahmedabad",1,7.88
JP Behrendorff,"Rajiv Gandhi International Stadium, Uppal, Hyderabad",3,8
JP Behrendorff,"Wankhede Stadium, Mumbai",7,10.12
JR Hazlewood,"Arun Jaitley Stadium, Delhi",1,8.67
JR Hazlewood,"Bharat Ratna Shri Atal Bihari Vajpayee Ekana Cricket Stadium, Lucknow",2,4.67
JR Hazlewood,"Wankhede Stadium, Mumbai",0,10.33
K Gowtham,"Bharat Ratna Shri Atal Bihari Vajpayee Ekana Cricket Stadium, Lucknow",2,6.2
K Gowtham,"Eden Gardens, Kolkata",1,6
K Gowtham,"MA Chidambaram Stadium, Chepauk, Chennai",0,14
K Gowtham,"Rajiv Gandhi International Stadium, Uppal, Hyderabad",0,14.5
K Kartikeya,"Narendra Modi Stadium, Ahmedabad",1,9.17
K Kartikeya,"Punjab Cricket Association IS Bindra Stadium, Mohali, Chandigarh",0,7.33
K Kartikeya,"Wankhede Stadium, Mumbai",4,8.59
K Khejroliya,"Arun Jaitley Stadium, Delhi",0,12.75
K Khejroliya,"Eden Gardens, Kolkata",2,14.33
K Rabada,"Bharat Ratna Shri Atal Bihari Vajpayee Ekana Cricket Stadium, Lucknow",3,8.88
K Rabada,"Eden Gardens, Kolkata",0,16
K Rabada,"Himachal Pradesh Cricket Association Stadium, Dharamsala",2,9.7
K Rabada,"M Chinnaswamy Stadium, Bengaluru",2,6.75
K Rabada,"MA Chidambaram Stadium, Chepauk, Chennai",1,7.12
K Rabada,"Maharaja Yadavindra Singh International Cricket Stadium, Mullanpur",5,8.65
K Rabada,"Narendra Modi Stadium, Ahmedabad",2,10.75
K Rabada,"Punjab Cricket Association IS Bindra Stadium, Mohali, Chandigarh",3,10.9
K Yadav,"Sawai Mansingh Stadium, Jaipur",2,9.71
KA Maharaj,"Maharaja Yadavindra Singh International Cricket Stadium, Mullanpur",2,5.75
KA Maharaj,"Sawai Mansingh Stadium, Jaipur",0,8
KH Pandya,"Arun Jaitley Stadium, Delhi",0,9.5
KH Pandya,"Bharat Ratna Shri Atal Bihari Vajpayee Ekana Cricket Stadium, Lucknow",11,6.58
KH Pandya,"Eden Gardens, Kolkata",1,9
KH Pandya,"M Chinnaswamy Stadium, Bengaluru",0,9.2
KH Pandya,"MA Chidambaram Stadium, Chepauk, Chennai",0,10
KH Pandya,"Narendra Modi Stadium, Ahmedabad",0,9.5
KH Pandya,"Punjab Cricket Association IS Bindra Stadium, Mohali, Chandigarh",0,12
KH Pandya,"Rajiv Gandhi International Stadium, Uppal, Hyderabad",2,6
KH Pandya,"Sawai Mansingh Stadium, Jaipur",0,5
KH Pandya,"Wankhede Stadium, Mumbai",1,7
KK Ahmed,"Arun Jaitley Stadium, Delhi",9,11.1
KK Ahmed,"Barsapara Cricket Stadium, Guwahati",0,14
KK Ahmed,"Bharat Ratna Shri Atal Bihari Vajpayee Ekana Cricket Stadium, Lucknow",4,9
KK Ahmed,"Dr. Y.S. Rajasekhara Reddy ACA-VDCA Cricket Stadium, Visakhapatnam",3,6.88
KK Ahmed,"Eden Gardens, Kolkata",0,9.33
KK Ahmed,"Himachal Pradesh Cricket Association Stadium, Dharamsala",1,6
KK Ahmed,"M Chinnaswamy Stadium, Bengaluru",2,8
KK Ahmed,"MA Chidambaram Stadium, Chepauk, Chennai",1,7.75
KK Ahmed,"Maharaja Yadavindra Singh International Cricket Stadium, Mullanpur",2,10.75
KK Ahmed,"Narendra Modi Stadium, Ahmedabad",3,5.38
KK Ahmed,"Sawai Mansingh Stadium, Jaipur",1,5.5
KK Ahmed,"Wankhede Stadium, Mumbai",1,9.75
KM Asif,"Barsapara Cricket Stadium, Guwahati",0,12.24
KM Asif,"Eden Gardens, Kolkata",1,8.67
KM Asif,"Rajiv Gandhi International Stadium, Uppal, Hyderabad",0,4.67
KM Asif,"Sawai Mansingh Stadium, Jaipur",2,10
KR Mayers,"Bharat Ratna Shri Atal Bihari Vajpayee Ekana Cricket Stadium, Lucknow",0,5.5
KR Mayers,"MA Chidambaram Stadium, Chepauk, Chennai",0,7.5
KR Mayers,"Narendra Modi Stadium, Ahmedabad",0,14
KR Mayers,"Punjab Cricket Association IS Bindra Stadium, Mohali, Chandigarh",0,4
KR Mayers,"Rajiv Gandhi International Stadium, Uppal, Hyderabad",0,9
KR Sen,"Eden Gardens, Kolkata",2,12
KR Sen,"MA Chidambaram Stadium, Chepauk, Chennai",0,4.5
KR Sen,"Maharaja Yadavindra Singh International Cricket Stadium, Mullanpur",1,8.75
KR Sen,"Sawai Mansingh Stadium, Jaipur",3,8.25
KR Sen,"Wankhede Stadium, Mumbai",0,15
KT Maphaka,"Rajiv Gandhi International Stadium, Uppal, Hyderabad",0,16
KT Maphaka,"Wankhede Stadium, Mumbai",1,11.5
KV Sharma,"Arun Jaitley Stadium, Delhi",1,12.33
KV Sharma,"Bharat Ratna Shri Atal Bihari Vajpayee Ekana Cricket Stadium, Lucknow",2,5
KV Sharma,"Eden Gardens, Kolkata",2,8.57
KV Sharma,"Himachal Pradesh Cricket Association Stadium, Dharamsala",2,12
KV Sharma,"M Chinnaswamy Stadium, Bengaluru",4,12
KV Sharma,"MA Chidambaram Stadium, Chepauk, Chennai",1,12
KV Sharma,"Narendra Modi Stadium, Ahmedabad",0,10.8
KV Sharma,"Rajiv Gandhi International Stadium, Uppal, Hyderabad",2,10.14
KV Sharma,"Sawai Mansingh Stadium, Jaipur",3,12.67
Kartik Tyagi,"Narendra Modi Stadium, Ahmedabad",0,12.5
Kartik Tyagi,"Rajiv Gandhi International Stadium, Uppal, Hyderabad",1,14.1
Kartik Tyagi,"Wankhede Stadium, Mumbai",0,10.94
Kuldeep Yadav,"Arun Jaitley Stadium, Delhi",12,8.98
Kuldeep Yadav,"Barsapara Cricket Stadium, Guwahati",1,7.75
Kuldeep Yadav,"Bharat Ratna Shri Atal Bihari Vajpayee Ekana Cricket Stadium, Lucknow",4,7
Kuldeep Yadav,"Eden Gardens, Kolkata",0,8.5
Kuldeep Yadav,"Himachal Pradesh Cricket Association Stadium, Dharamsala",0,6.67
Kuldeep Yadav,"M Chinnaswamy Stadium, Bengaluru",3,9.62
Kuldeep Yadav,"MA Chidambaram Stadium, Chepauk, Chennai",1,6.5
Kuldeep Yadav,"Maharaja Yadavindra Singh International Cricket Stadium, Mullanpur",2,5.25
Kuldeep Yadav,"Narendra Modi Stadium, Ahmedabad",1,4.12
Kuldeep Yadav,"Rajiv Gandhi International Stadium, Uppal, Hyderabad",1,5.5
Kuldeep Yadav,"Sawai Mansingh Stadium, Jaipur",1,9.75
L Wood,"Arun Jaitley Stadium, Delhi",1,17
L Wood,"Narendra Modi Stadium, Ahmedabad",0,12
LB Williams,"Arun Jaitley Stadium, Delhi",0,8.33
LB Williams,"Eden Gardens, Kolkata",1,12.32
LH Ferguson,"Eden Gardens, Kolkata",1,12.17
LH Ferguson,"Himachal Pradesh Cricket Association Stadium, Dharamsala",3,10.33
LH Ferguson,"M Chinnaswamy Stadium, Bengaluru",5,10.09
LH Ferguson,"Narendra Modi Stadium, Ahmedabad",1,9.12
LH Ferguson,"Rajiv Gandhi International Stadium, Uppal, Hyderabad",0,14
LH Ferguson,"Wankhede Stadium, Mumbai",1,11.4
LS Livingstone,"Eden Gardens, Kolkata",0,13.5
LS Livingstone,"Himachal Pradesh Cricket Association Stadium, Dharamsala",0,9
LS Livingstone,"MA Chidambaram Stadium, Chepauk, Chennai",0,16
LS Livingstone,"Maharaja Yadavindra Singh International Cricket Stadium, Mullanpur",3,6.22
LS Livingstone,"Punjab Cricket Association IS Bindra Stadium, Mohali, Chandigarh",1,14
LS Livingstone,"Wankhede Stadium, Mumbai",1,11.5
Lalit Yadav,"Arun Jaitley Stadium, Delhi",1,11.75
Lalit Yadav,"M Chinnaswamy Stadium, Bengaluru",1,7.25
Lalit Yadav,"MA Chidambaram Stadium, Chepauk, Chennai",1,11.67
Lalit Yadav,"Wankhede Stadium, Mumbai",0,15
M Ashwin,"Barsapara Cricket Stadium, Guwahati",0,10
M Ashwin,"Sawai Mansingh Stadium, Jaipur",0,14
M Jansen,"Eden Gardens, Kolkata",3,9.21
M Jansen,"MA Chidambaram Stadium, Chepauk, Chennai",0,12.67
M Jansen,"Narendra Modi Stadium, Ahmedabad",1,5.75
M Jansen,"Rajiv Gandhi International Stadium, Uppal, Hyderabad",6,8.75
M Jansen,"Sawai Mansingh Stadium, Jaipur",1,11.75
M Jansen,"Wankhede Stadium, Mumbai",1,14.67
M Markande,"Arun Jaitley Stadium, Delhi",3,7.33
M Markande,"Eden Gardens, Kolkata",4,8.25
M Markande,"M Chinnaswamy Stadium, Bengaluru",2,10.75
M Markande,"MA Chidambaram Stadium, Chepauk, Chennai",2,5.75
M Markande,"Narendra Modi Stadium, Ahmedabad",1,9.67
M Markande,"Rajiv Gandhi International Stadium, Uppal, Hyderabad",7,9.29
M Markande,"Sawai Mansingh Stadium, Jaipur",0,12.75
M Pathirana,"Arun Jaitley Stadium, Delhi",2,4.25
M Pathirana,"Bharat Ratna Shri Atal Bihari Vajpayee Ekana Cricket Stadium, Lucknow",3,6.14
M Pathirana,"Dr. Y.S. Rajasekhara Reddy ACA-VDCA Cricket Stadium, Visakhapatnam",3,7.5
M Pathirana,"Eden Gardens, Kolkata",1,6
M Pathirana,"M Chinnaswamy Stadium, Bengaluru",2,10
M Pathirana,"MA Chidambaram Stadium, Chepauk, Chennai",18,6.94
M Pathirana,"Narendra Modi Stadium, Ahmedabad",2,11
M Pathirana,"Sawai Mansingh Stadium, Jaipur",0,11.75
M Pathirana,"Wankhede Stadium, Mumbai",4,7
M Shahrukh Khan,"Arun Jaitley Stadium, Delhi",0,9
M Shahrukh Khan,"Maharaja Yadavindra Singh International Cricket Stadium, Mullanpur",0,7
M Siddharth,"Bharat Ratna Shri Atal Bihari Vajpayee Ekana Cricket Stadium, Lucknow",0,6.97
M Siddharth,"M Chinnaswamy Stadium, Bengaluru",1,7
M Theekshana,"Arun Jaitley Stadium, Delhi",2,5.75
M Theekshana,"Bharat Ratna Shri Atal Bihari Vajpayee Ekana Cricket Stadium, Lucknow",2,9.25
M Theekshana,"Eden Gardens, Kolkata",2,7.75
M Theekshana,"M Chinnaswamy Stadium, Bengaluru",1,8.12
M Theekshana,"MA Chidambaram Stadium, Chepauk, Chennai",4,7.89
M Theekshana,"Narendra Modi Stadium, Ahmedabad",0,9
M Theekshana,"Rajiv Gandhi International Stadium, Uppal, Hyderabad",1,7
M Theekshana,"Sawai Mansingh Stadium, Jaipur",1,7.25
MA Starc,"Bharat Ratna Shri Atal Bihari Vajpayee Ekana Cricket Stadium, Lucknow",1,11
MA Starc,"Dr. Y.S. Rajasekhara Reddy ACA-VDCA Cricket Stadium, Visakhapatnam",2,9.67
MA Starc,"Eden Gardens, Kolkata",7,11.53
MA Starc,"M Chinnaswamy Stadium, Bengaluru",1,11.5
MA Starc,"MA Chidambaram Stadium, Chepauk, Chennai",2,6.83
MA Starc,"Narendra Modi Stadium, Ahmedabad",3,8.25
MA Starc,"Wankhede Stadium, Mumbai",4,7.83
MA Wood,"Bharat Ratna Shri Atal Bihari Vajpayee Ekana Cricket Stadium, Lucknow",7,5.75
MA Wood,"M Chinnaswamy Stadium, Bengaluru",1,8.75
MA Wood,"MA Chidambaram Stadium, Chepauk, Chennai",3,13.75
MG Bracewell,"Eden Gardens, Kolkata",1,11.33
MG Bracewell,"M Chinnaswamy Stadium, Bengaluru",1,10.67
MG Bracewell,"Rajiv Gandhi International Stadium, Uppal, Hyderabad",2,6.5
MG Bracewell,"Sawai Mansingh Stadium, Jaipur",2,5.33
MJ Henry,"Bharat Ratna Shri Atal Bihari Vajpayee Ekana Cricket Stadium, Lucknow",0,10
MJ Henry,"MA Chidambaram Stadium, Chepauk, Chennai",1,7
MJ Henry,"Wankhede Stadium, Mumbai",0,11
MJ Santner,"Himachal Pradesh Cricket Association Stadium, Dharamsala",1,3.33
MJ Santner,"M Chinnaswamy Stadium, Bengaluru",2,5.75
MJ Santner,"MA Chidambaram Stadium, Chepauk, Chennai",1,5.5
MJ Santner,"Narendra Modi Stadium, Ahmedabad",0,10.5
MJ Santner,"Wankhede Stadium, Mumbai",2,7
MJ Suthar,"M Chinnaswamy Stadium, Bengaluru",0,13
MK Lomror,"Arun Jaitley Stadium, Delhi",0,13
MK Lomror,"Bharat Ratna Shri Atal Bihari Vajpayee Ekana Cricket Stadium, Lucknow",1,4
MK Lomror,"M Chinnaswamy Stadium, Bengaluru",0,15
MM Ali,"Bharat Ratna Shri Atal Bihari Vajpayee Ekana Cricket Stadium, Lucknow",2,3.6
MM Ali,"Eden Gardens, Kolkata",1,20
MM Ali,"M Chinnaswamy Stadium, Bengaluru",1,13
MM Ali,"MA Chidambaram Stadium, Chepauk, Chennai",5,8.05
MM Ali,"Rajiv Gandhi International Stadium, Uppal, Hyderabad",2,7.33
MM Ali,"Sawai Mansingh Stadium, Jaipur",0,8.5
MM Sharma,"Arun Jaitley Stadium, Delhi",0,18
MM Sharma,"Bharat Ratna Shri Atal Bihari Vajpayee Ekana Cricket Stadium, Lucknow",4,8.5
MM Sharma,"Eden Gardens, Kolkata",0,12
MM Sharma,"M Chinnaswamy Stadium, Bengaluru",0,14
MM Sharma,"MA Chidambaram Stadium, Chepauk, Chennai",4,8.25
MM Sharma,"Maharaja Yadavindra Singh International Cricket Stadium, Mullanpur",3,8
MM Sharma,"Narendra Modi Stadium, Ahmedabad",31,8.23
MM Sharma,"Punjab Cricket Association IS Bindra Stadium, Mohali, Chandigarh",2,4.5
MM Sharma,"Sawai Mansingh Stadium, Jaipur",2,10.76
MM Sharma,"Wankhede Stadium, Mumbai",1,10.75
MP Stoinis,"Bharat Ratna Shri Atal Bihari Vajpayee Ekana Cricket Stadium, Lucknow",5,7.54
MP Stoinis,"M Chinnaswamy Stadium, Bengaluru",1,4
MP Stoinis,"MA Chidambaram Stadium, Chepauk, Chennai",1,12.25
MP Stoinis,"Narendra Modi Stadium, Ahmedabad",0,20
MP Stoinis,"Punjab Cricket Association IS Bindra Stadium, Mohali, Chandigarh",1,9.82
MP Stoinis,"Sawai Mansingh Stadium, Jaipur",2,7
MP Yadav,"Bharat Ratna Shri Atal Bihari Vajpayee Ekana Cricket Stadium, Lucknow",4,8.45
MP Yadav,"M Chinnaswamy Stadium, Bengaluru",4,3.75
MR Marsh,"Arun Jaitley Stadium, Delhi",7,8.43
MR Marsh,"Dr. Y.S. Rajasekhara Reddy ACA-VDCA Cricket Stadium, Visakhapatnam",1,11.5
MR Marsh,"M Chinnaswamy Stadium, Bengaluru",2,9.5
MR Marsh,"MA Chidambaram Stadium, Chepauk, Chennai",3,5.33
MR Marsh,"Maharaja Yadavindra Singh International Cricket Stadium, Mullanpur",0,12.75
MR Marsh,"Rajiv Gandhi International Stadium, Uppal, Hyderabad",0,7.5
MW Short,"Bharat Ratna Shri Atal Bihari Vajpayee Ekana Cricket Stadium, Lucknow",0,5
MW Short,"Punjab Cricket Association IS Bindra Stadium, Mohali, Chandigarh",0,8
MW Short,"Wankhede Stadium, Mumbai",0,6
Mayank Dagar,"M Chinnaswamy Stadium, Bengaluru",1,9.83
Mayank Dagar,"MA Chidambaram Stadium, Chepauk, Chennai",0,5.4
Mayank Dagar,"Rajiv Gandhi International Stadium, Uppal, Hyderabad",0,6.25
Mayank Dagar,"Sawai Mansingh Stadium, Jaipur",0,17
Mayank Dagar,"Wankhede Stadium, Mumbai",1,9.25
Mohammad Nabi,"Arun Jaitley Stadium, Delhi",1,10
Mohammad Nabi,"Bharat Ratna Shri Atal Bihari Vajpayee Ekana Cricket Stadium, Lucknow",1,12
Mohammad Nabi,"Sawai Mansingh Stadium, Jaipur",0,10.33
Mohammad Nabi,"Wankhede Stadium, Mumbai",0,7.17
Mohammed Shami,"Arun Jaitley Stadium, Delhi",3,7.75
Mohammed Shami,"Bharat Ratna Shri Atal Bihari Vajpayee Ekana Cricket Stadium, Lucknow",0,6.33
Mohammed Shami,"Eden Gardens, Kolkata",3,8.25
Mohammed Shami,"M Chinnaswamy Stadium, Bengaluru",1,9.75
Mohammed Shami,"MA Chidambaram Stadium, Chepauk, Chennai",2,7.2
Mohammed Shami,"Narendra Modi Stadium, Ahmedabad",17,7.03
Mohammed Shami,"Punjab Cricket Association IS Bindra Stadium, Mohali, Chandigarh",1,10.75
Mohammed Shami,"Sawai Mansingh Stadium, Jaipur",1,6.25
Mohammed Shami,"Wankhede Stadium, Mumbai",0,13.75
Mohammed Siraj,"Arun Jaitley Stadium, Delhi",0,14
Mohammed Siraj,"Bharat Ratna Shri Atal Bihari Vajpayee Ekana Cricket Stadium, Lucknow",1,7
Mohammed Siraj,"Eden Gardens, Kolkata",2,9.75
Mohammed Siraj,"Himachal Pradesh Cricket Association Stadium, Dharamsala",3,10
Mohammed Siraj,"M Chinnaswamy Stadium, Bengaluru",19,7.88
Mohammed Siraj,"MA Chidambaram Stadium, Chepauk, Chennai",0,9.25
Mohammed Siraj,"Narendra Modi Stadium, Ahmedabad",3,7.62
Mohammed Siraj,"Punjab Cricket Association IS Bindra Stadium, Mohali, Chandigarh",4,5.5
Mohammed Siraj,"Rajiv Gandhi International Stadium, Uppal, Hyderabad",1,4.38
Mohammed Siraj,"Sawai Mansingh Stadium, Jaipur",2,7.17
Mohammed Siraj,"Wankhede Stadium, Mumbai",0,11.33
Mohit Rathee,"Rajiv Gandhi International Stadium, Uppal, Hyderabad",0,14.5
Mohsin Khan,"Arun Jaitley Stadium, Delhi",0,7.25
Mohsin Khan,"Bharat Ratna Shri Atal Bihari Vajpayee Ekana Cricket Stadium, Lucknow",6,9.81
Mohsin Khan,"Eden Gardens, Kolkata",2,8.6
Mohsin Khan,"MA Chidambaram Stadium, Chepauk, Chennai",2,11.14
Mohsin Khan,"Narendra Modi Stadium, Ahmedabad",1,13.33
Mohsin Khan,"Sawai Mansingh Stadium, Jaipur",1,11
Mohsin Khan,"Wankhede Stadium, Mumbai",1,10.5
Mukesh Choudhary,"Rajiv Gandhi International Stadium, Uppal, Hyderabad",0,20
Mukesh Kumar,"Arun Jaitley Stadium, Delhi",17,11.17
Mukesh Kumar,"Barsapara Cricket Stadium, Guwahati",2,9.25
Mukesh Kumar,"Bharat Ratna Shri Atal Bihari Vajpayee Ekana Cricket Stadium, Lucknow",1,9.12
Mukesh Kumar,"Dr. Y.S. Rajasekhara Reddy ACA-VDCA Cricket Stadium, Visakhapatnam",3,6.67
Mukesh Kumar,"Himachal Pradesh Cricket Association Stadium, Dharamsala",1,13
Mukesh Kumar,"M Chinnaswamy Stadium, Bengaluru",3,8
Mukesh Kumar,"Narendra Modi Stadium, Ahmedabad",3,4.8
Mukesh Kumar,"Rajiv Gandhi International Stadium, Uppal, Hyderabad",0,9
Mukesh Kumar,"Sawai Mansingh Stadium, Jaipur",1,12
Mustafizur Rahman,"Arun Jaitley Stadium, Delhi",1,9.5
Mustafizur Rahman,"Bharat Ratna Shri Atal Bihari Vajpayee Ekana Cricket Stadium, Lucknow",1,10.25
Mustafizur Rahman,"Dr. Y.S. Rajasekhara Reddy ACA-VDCA Cricket Stadium, Visakhapatnam",1,11.28
Mustafizur Rahman,"M Chinnaswamy Stadium, Bengaluru",0,13.67
Mustafizur Rahman,"MA Chidambaram Stadium, Chepauk, Chennai",11,7.03
Mustafizur Rahman,"Wankhede Stadium, Mumbai",1,13
N Burger,"MA Chidambaram Stadium, Chepauk, Chennai",1,7
N Burger,"Sawai Mansingh Stadium, Jaipur",4,9.2
N Burger,"Wankhede Stadium, Mumbai",2,8
N Rana,"Arun Jaitley Stadium, Delhi",2,4.25
N Rana,"Eden Gardens, Kolkata",1,12.78
N Rana,"M Chinnaswamy Stadium, Bengaluru",0,8
N Thushara,"Arun Jaitley Stadium, Delhi",0,13.5
N Thushara,"Bharat Ratna Shri Atal Bihari Vajpayee Ekana Cricket Stadium, Lucknow",1,6.75
N Thushara,"Eden Gardens, Kolkata",1,9.67
N Thushara,"Sawai Mansingh Stadium, Jaipur",0,9.33
N Thushara,"Wankhede Stadium, Mumbai",6,8.33
N Wadhera,"Wankhede Stadium, Mumbai",0,6.5
NA Saini,"Rajiv Gandhi International Stadium, Uppal, Hyderabad",0,12
NT Ellis,"Arun Jaitley Stadium, Delhi",2,6.25
NT Ellis,"Barsapara Cricket Stadium, Guwahati",5,6.75
NT Ellis,"Eden Gardens, Kolkata",1,7.5
NT Ellis,"Himachal Pradesh Cricket Association Stadium, Dharamsala",1,9.88
NT Ellis,"Punjab Cricket Association IS Bindra Stadium, Mohali, Chandigarh",4,8.45
NT Ellis,"Rajiv Gandhi International Stadium, Uppal, Hyderabad",0,9.33
NT Ellis,"Wankhede Stadium, Mumbai",1,11
Naman Dhir,"Narendra Modi Stadium, Ahmedabad",0,13
Naman Dhir,"Wankhede Stadium, Mumbai",0,11.18
Navdeep Saini,"Himachal Pradesh Cricket Association Stadium, Dharamsala",3,9.75
Naveen-ul-Haq,"Arun Jaitley Stadium, Delhi",2,12.5
Naveen-ul-Haq,"Bharat Ratna Shri Atal Bihari Vajpayee Ekana Cricket Stadium, Lucknow",11,8.16
Naveen-ul-Haq,"Eden Gardens, Kolkata",0,11.5
Naveen-ul-Haq,"M Chinnaswamy Stadium, Bengaluru",2,6.82
Naveen-ul-Haq,"MA Chidambaram Stadium, Chepauk, Chennai",4,9
Naveen-ul-Haq,"Punjab Cricket Association IS Bindra Stadium, Mohali, Chandigarh",3,6.25
Naveen-ul-Haq,"Rajiv Gandhi International Stadium, Uppal, Hyderabad",0,18.5
Naveen-ul-Haq,"Sawai Mansingh Stadium, Jaipur",2,7
Naveen-ul-Haq,"Wankhede Stadium, Mumbai",2,12
Nithish Kumar Reddy,"Arun Jaitley Stadium, Delhi",2,7.38
Nithish Kumar Reddy,"MA Chidambaram Stadium, Chepauk, Chennai",0,8
Nithish Kumar Reddy,"Maharaja Yadavindra Singh International Cricket Stadium, Mullanpur",1,10.67
Nithish Kumar Reddy,"Narendra Modi Stadium, Ahmedabad",0,13
Nithish Kumar Reddy,"Rajiv Gandhi International Stadium, Uppal, Hyderabad",1,13.17
Nithish Kumar Reddy,"Wankhede Stadium, Mumbai",0,10.2
Noor Ahmad,"Arun Jaitley Stadium, Delhi",1,11.67
Noor Ahmad,"Bharat Ratna Shri Atal Bihari Vajpayee Ekana Cricket Stadium, Lucknow",2,5
Noor Ahmad,"Eden Gardens, Kolkata",2,5
Noor Ahmad,"M Chinnaswamy Stadium, Bengaluru",3,7.75
Noor Ahmad,"MA Chidambaram Stadium, Chepauk, Chennai",1,7.25
Noor Ahmad,"Maharaja Yadavindra Singh International Cricket Stadium, Mullanpur",2,5
Noor Ahmad,"Narendra Modi Stadium, Ahmedabad",10,8.52
Noor Ahmad,"Sawai Mansingh Stadium, Jaipur",2,9.14
Noor Ahmad,"Wankhede Stadium, Mumbai",0,9.5
OC McCoy,"Sawai Mansingh Stadium, Jaipur",0,12
P Dubey,"Arun Jaitley Stadium, Delhi",1,6
PJ Cummins,"Arun Jaitley Stadium, Delhi",0,8.75
PJ Cummins,"Eden Gardens, Kolkata",1,8
PJ Cummins,"M Chinnaswamy Stadium, Bengaluru",3,10.5
PJ Cummins,"MA Chidambaram Stadium, Chepauk, Chennai",2,9.4
PJ Cummins,"Maharaja Yadavindra Singh International Cricket Stadium, Mullanpur",1,5.5
PJ Cummins,"Narendra Modi Stadium, Ahmedabad",2,9.71
PJ Cummins,"Rajiv Gandhi International Stadium, Uppal, Hyderabad",8,9.75
PJ Cummins,"Wankhede Stadium, Mumbai",1,8.5
PP Chawla,"Arun Jaitley Stadium, Delhi",4,7
PP Chawla,"Bharat Ratna Shri Atal Bihari Vajpayee Ekana Cricket Stadium, Lucknow",1,8.17
PP Chawla,"Eden Gardens, Kolkata",2,9.33
PP Chawla,"M Chinnaswamy Stadium, Bengaluru",0,6.5
PP Chawla,"MA Chidambaram Stadium, Chepauk, Chennai",4,6.88
PP Chawla,"Narendra Modi Stadium, Ahmedabad",3,10.3
PP Chawla,"Punjab Cricket Association IS Bindra Stadium, Mohali, Chandigarh",2,7.25
PP Chawla,"Rajiv Gandhi International Stadium, Uppal, Hyderabad",3,12.83
PP Chawla,"Sawai Mansingh Stadium, Jaipur",1,8.25
PP Chawla,"Wankhede Stadium, Mumbai",14,7.93
PVD Chameera,"Eden Gardens, Kolkata",0,16
PWH de Silva,"Arun Jaitley Stadium, Delhi",0,8
PWH de Silva,"Bharat Ratna Shri Atal Bihari Vajpayee Ekana Cricket Stadium, Lucknow",1,5
PWH de Silva,"M Chinnaswamy Stadium, Bengaluru",4,8.85
PWH de Silva,"Punjab Cricket Association IS Bindra Stadium, Mohali, Chandigarh",2,9.75
PWH de Silva,"Wankhede Stadium, Mumbai",2,12.75
R Ashwin,"Arun Jaitley Stadium, Delhi",3,6
R Ashwin,"Barsapara Cricket Stadium, Guwahati",4,6.42
R Ashwin,"Bharat Ratna Shri Atal Bihari Vajpayee Ekana Cricket Stadium, Lucknow",1,8.5
R Ashwin,"Eden Gardens, Kolkata",0,9
R Ashwin,"M Chinnaswamy Stadium, Bengaluru",1,8.75
R Ashwin,"MA Chidambaram Stadium, Chepauk, Chennai",4,8.33
R Ashwin,"Narendra Modi Stadium, Ahmedabad",2,6.88
R Ashwin,"Rajiv Gandhi International Stadium, Uppal, Hyderabad",1,7.5
R Ashwin,"Sawai Mansingh Stadium, Jaipur",6,7.94
R Ashwin,"Wankhede Stadium, Mumbai",2,6.5
R Dhawan,"Arun Jaitley Stadium, Delhi",0,10
R Dhawan,"Eden Gardens, Kolkata",0,7.5
R Dhawan,"Punjab Cricket Association IS Bindra Stadium, Mohali, Chandigarh",1,9.75
R Dhawan,"Rajiv Gandhi International Stadium, Uppal, Hyderabad",0,12.67
R Goyal,"MA Chidambaram Stadium, Chepauk, Chennai",0,8.5
R Parag,"Arun Jaitley Stadium, Delhi",0,8
R Parag,"Sawai Mansingh Stadium, Jaipur",0,10
R Powell,"Barsapara Cricket Stadium, Guwahati",1,8
R Ravindra,"MA Chidambaram Stadium, Chepauk, Chennai",0,4
R Ravindra,"Rajiv Gandhi International Stadium, Uppal, Hyderabad",0,3
R Sai Kishore,"Arun Jaitley Stadium, Delhi",0,22
R Sai Kishore,"MA Chidambaram Stadium, Chepauk, Chennai",1,8.67
R Sai Kishore,"Maharaja Yadavindra Singh International Cricket Stadium, Mullanpur",4,8
R Sai Kishore,"Narendra Modi Stadium, Ahmedabad",2,7.71
R Shepherd,"Maharaja Yadavindra Singh International Cricket Stadium, Mullanpur",0,10.5
R Shepherd,"Wankhede Stadium, Mumbai",2,13.6
R Tewatia,"Bharat Ratna Shri Atal Bihari Vajpayee Ekana Cricket Stadium, Lucknow",0,7
R Tewatia,"Narendra Modi Stadium, Ahmedabad",0,6
RA Jadeja,"Arun Jaitley Stadium, Delhi",1,12.25
RA Jadeja,"Bharat Ratna Shri Atal Bihari Vajpayee Ekana Cricket Stadium, Lucknow",1,7
RA Jadeja,"Dr. Y.S. Rajasekhara Reddy ACA-VDCA Cricket Stadium, Visakhapatnam",1,10.75
RA Jadeja,"Eden Gardens, Kolkata",1,11.33
RA Jadeja,"Himachal Pradesh Cricket Association Stadium, Dharamsala",3,5
RA Jadeja,"M Chinnaswamy Stadium, Bengaluru",0,11
RA Jadeja,"MA Chidambaram Stadium, Chepauk, Chennai",15,6.18
RA Jadeja,"Narendra Modi Stadium, Ahmedabad",2,9.6
RA Jadeja,"Rajiv Gandhi International Stadium, Uppal, Hyderabad",0,7.5
RA Jadeja,"Sawai Mansingh Stadium, Jaipur",1,7.75
RA Jadeja,"Wankhede Stadium, Mumbai",3,7.12
RD Chahar,"Arun Jaitley Stadium, Delhi",2,4
RD Chahar,"Barsapara Cricket Stadium, Guwahati",2,7.12
RD Chahar,"Bharat Ratna Shri Atal Bihari Vajpayee Ekana Cricket Stadium, Lucknow",1,11.5
RD Chahar,"Eden Gardens, Kolkata",3,7
RD Chahar,"Himachal Pradesh Cricket Association Stadium, Dharamsala",4,8.66
RD Chahar,"M Chinnaswamy Stadium, Bengaluru",0,16
RD Chahar,"MA Chidambaram Stadium, Chepauk, Chennai",3,6.38
RD Chahar,"Maharaja Yadavindra Singh International Cricket Stadium, Mullanpur",1,8.25
RD Chahar,"Punjab Cricket Association IS Bindra Stadium, Mohali, Chandigarh",1,7.56
RD Chahar,"Rajiv Gandhi International Stadium, Uppal, Hyderabad",1,10
RD Chahar,"Wankhede Stadium, Mumbai",0,10.5
RJ Gleeson,"Himachal Pradesh Cricket Association Stadium, Dharamsala",0,9.75
RJ Gleeson,"MA Chidambaram Stadium, Chepauk, Chennai",1,7.57
RJW Topley,"M Chinnaswamy Stadium, Bengaluru",3,11.8
RJW Topley,"Sawai Mansingh Stadium, Jaipur",2,6.5
RJW Topley,"Wankhede Stadium, Mumbai",0,11
RP Meredith,"Arun Jaitley Stadium, Delhi",2,7.64
RP Meredith,"Narendra Modi Stadium, Ahmedabad",1,11.75
RP Meredith,"Rajiv Gandhi International Stadium, Uppal, Hyderabad",2,7.5
RP Meredith,"Wankhede Stadium, Mumbai",2,11.12
RS Hangargekar,"MA Chidambaram Stadium, Chepauk, Chennai",0,10.5
RS Hangargekar,"Narendra Modi Stadium, Ahmedabad",3,8
Ramandeep Singh,"Eden Gardens, Kolkata",0,13.5
Rashid Khan,"Arun Jaitley Stadium, Delhi",3,8.25
Rashid Khan,"Bharat Ratna Shri Atal Bihari Vajpayee Ekana Cricket Stadium, Lucknow",2,7.62
Rashid Khan,"Eden Gardens, Kolkata",0,13.25
Rashid Khan,"M Chinnaswamy Stadium, Bengaluru",1,8.65
Rashid Khan,"MA Chidambaram Stadium, Chepauk, Chennai",3,10.75
Rashid Khan,"Maharaja Yadavindra Singh International Cricket Stadium, Mullanpur",1,3.75
Rashid Khan,"Narendra Modi Stadium, Ahmedabad",18,8.89
Rashid Khan,"Punjab Cricket Association IS Bindra Stadium, Mohali, Chandigarh",1,6.75
Rashid Khan,"Sawai Mansingh Stadium, Jaipur",5,3.75
Rashid Khan,"Wankhede Stadium, Mumbai",4,7.5
Rasikh Salam,"Arun Jaitley Stadium, Delhi",7,10
Rasikh Salam,"Dr. Y.S. Rajasekhara Reddy ACA-VDCA Cricket Stadium, Visakhapatnam",0,14.4
Rasikh Salam,"Eden Gardens, Kolkata",0,12
Rasikh Salam,"M Chinnaswamy Stadium, Bengaluru",2,6.67
Ravi Bishnoi,"Arun Jaitley Stadium, Delhi",1,6.5
Ravi Bishnoi,"Bharat Ratna Shri Atal Bihari Vajpayee Ekana Cricket Stadium, Lucknow",15,7.48
Ravi Bishnoi,"Eden Gardens, Kolkata",2,5.85
Ravi Bishnoi,"M Chinnaswamy Stadium, Bengaluru",0,9.86
Ravi Bishnoi,"MA Chidambaram Stadium, Chepauk, Chennai",3,7.5
Ravi Bishnoi,"Narendra Modi Stadium, Ahmedabad",0,10
Ravi Bishnoi,"Punjab Cricket Association IS Bindra Stadium, Mohali, Chandigarh",2,10
Ravi Bishnoi,"Rajiv Gandhi International Stadium, Uppal, Hyderabad",0,14.25
Ravi Bishnoi,"Sawai Mansingh Stadium, Jaipur",2,7.5
Ravi Bishnoi,"Wankhede Stadium, Mumbai",2,9.25
S Dube,"MA Chidambaram Stadium, Chepauk, Chennai",1,14
S Gopal,"Maharaja Yadavindra Singh International Cricket Stadium, Mullanpur",1,13
S Gopal,"Wankhede Stadium, Mumbai",2,8.2
S Joseph,"Eden Gardens, Kolkata",0,10
S Sandeep Warrier,"Arun Jaitley Stadium, Delhi",3,4.67
S Sandeep Warrier,"Maharaja Yadavindra Singh International Cricket Stadium, Mullanpur",0,14
S Sandeep Warrier,"Narendra Modi Stadium, Ahmedabad",3,12
SH Johnson,"Bharat Ratna Shri Atal Bihari Vajpayee Ekana Cricket Stadium, Lucknow",0,8.75
SH Johnson,"MA Chidambaram Stadium, Chepauk, Chennai",1,8.75
SH Johnson,"Narendra Modi Stadium, Ahmedabad",3,11.25
SH Johnson,"Sawai Mansingh Stadium, Jaipur",0,9.25
SM Curran,"Arun Jaitley Stadium, Delhi",0,9
SM Curran,"Barsapara Cricket Stadium, Guwahati",3,9.86
SM Curran,"Bharat Ratna Shri Atal Bihari Vajpayee Ekana Cricket Stadium, Lucknow",6,7.12
SM Curran,"Eden Gardens, Kolkata",1,14.71
SM Curran,"Himachal Pradesh Cricket Association Stadium, Dharamsala",5,10.73
SM Curran,"M Chinnaswamy Stadium, Bengaluru",1,10
SM Curran,"MA Chidambaram Stadium, Chepauk, Chennai",1,11.29
SM Curran,"Maharaja Yadavindra Singh International Cricket Stadium, Mullanpur",7,8.73
SM Curran,"Narendra Modi Stadium, Ahmedabad",0,9.5
SM Curran,"Punjab Cricket Association IS Bindra Stadium, Mohali, Chandigarh",3,10.34
SM Curran,"Rajiv Gandhi International Stadium, Uppal, Hyderabad",0,4.67
SM Curran,"Wankhede Stadium, Mumbai",0,13.33
SN Thakur,"Eden Gardens, Kolkata",3,12
SN Thakur,"Himachal Pradesh Cricket Association Stadium, Dharamsala",1,7.5
SN Thakur,"M Chinnaswamy Stadium, Bengaluru",2,15.5
SN Thakur,"MA Chidambaram Stadium, Chepauk, Chennai",3,8.71
SN Thakur,"Narendra Modi Stadium, Ahmedabad",0,9.57
SN Thakur,"Punjab Cricket Association IS Bindra Stadium, Mohali, Chandigarh",0,9.5
SN Thakur,"Rajiv Gandhi International Stadium, Uppal, Hyderabad",2,7.67
SN Thakur,"Wankhede Stadium, Mumbai",1,9.83
SP Narine,"Arun Jaitley Stadium, Delhi",0,9
SP Narine,"Bharat Ratna Shri Atal Bihari Vajpayee Ekana Cricket Stadium, Lucknow",1,5.25
SP Narine,"Dr. Y.S. Rajasekhara Reddy ACA-VDCA Cricket Stadium, Visakhapatnam",1,7.5
SP Narine,"Eden Gardens, Kolkata",14,6.6
SP Narine,"M Chinnaswamy Stadium, Bengaluru",1,10.25
SP Narine,"MA Chidambaram Stadium, Chepauk, Chennai",4,5.42
SP Narine,"Narendra Modi Stadium, Ahmedabad",5,9
SP Narine,"Punjab Cricket Association IS Bindra Stadium, Mohali, Chandigarh",1,9.75
SP Narine,"Rajiv Gandhi International Stadium, Uppal, Hyderabad",0,8
SP Narine,"Wankhede Stadium, Mumbai",2,8.57
SSB Magala,"MA Chidambaram Stadium, Chepauk, Chennai",0,6.5
SSB Magala,"Wankhede Stadium, Mumbai",1,9.5
SZ Mulani,"Narendra Modi Stadium, Ahmedabad",0,7.67
SZ Mulani,"Rajiv Gandhi International Stadium, Uppal, Hyderabad",0,15.5
Sandeep Sharma,"Arun Jaitley Stadium, Delhi",3,10.5
Sandeep Sharma,"Barsapara Cricket Stadium, Guwahati",1,5.88
Sandeep Sharma,"Bharat Ratna Shri Atal Bihari Vajpayee Ekana Cricket Stadium, Lucknow",2,7.5
Sandeep Sharma,"Eden Gardens, Kolkata",1,8.5
Sandeep Sharma,"Himachal Pradesh Cricket Association Stadium, Dharamsala",0,10.75
Sandeep Sharma,"M Chinnaswamy Stadium, Bengaluru",3,12
Sandeep Sharma,"MA Chidambaram Stadium, Chepauk, Chennai",3,8.3
Sandeep Sharma,"Narendra Modi Stadium, Ahmedabad",4,9
Sandeep Sharma,"Rajiv Gandhi International Stadium, Uppal, Hyderabad",1,7.25
Sandeep Sharma,"Sawai Mansingh Stadium, Jaipur",10,7.63
Sandeep Sharma,"Wankhede Stadium, Mumbai",1,8.25
Shahbaz Ahmed,"Arun Jaitley Stadium, Delhi",0,22
Shahbaz Ahmed,"Eden Gardens, Kolkata",0,6.5
Shahbaz Ahmed,"M Chinnaswamy Stadium, Bengaluru",0,17.25
Shahbaz Ahmed,"MA Chidambaram Stadium, Chepauk, Chennai",4,8.84
Shahbaz Ahmed,"Maharaja Yadavindra Singh International Cricket Stadium, Mullanpur",0,10
Shahbaz Ahmed,"Narendra Modi Stadium, Ahmedabad",1,10
Shahbaz Ahmed,"Rajiv Gandhi International Stadium, Uppal, Hyderabad",3,9.71
Shahbaz Ahmed,"Wankhede Stadium, Mumbai",0,11
Shashank Singh,"Rajiv Gandhi International Stadium, Uppal, Hyderabad",1,5
Sikandar Raza,"Arun Jaitley Stadium, Delhi",0,3
Sikandar Raza,"Barsapara Cricket Stadium, Guwahati",0,9
Sikandar Raza,"Bharat Ratna Shri Atal Bihari Vajpayee Ekana Cricket Stadium, Lucknow",1,10.62
Sikandar Raza,"MA Chidambaram Stadium, Chepauk, Chennai",1,10.33
Sikandar Raza,"Narendra Modi Stadium, Ahmedabad",0,11
Sikandar Raza,"Punjab Cricket Association IS Bindra Stadium, Mohali, Chandigarh",1,10.5
Simarjeet Singh,"Himachal Pradesh Cricket Association Stadium, Dharamsala",2,5.67
Simarjeet Singh,"M Chinnaswamy Stadium, Bengaluru",0,17
Simarjeet Singh,"MA Chidambaram Stadium, Chepauk, Chennai",3,5.5
Simarjeet Singh,"Narendra Modi Stadium, Ahmedabad",1,14.5
Sumit Kumar,"Dr. Y.S. Rajasekhara Reddy ACA-VDCA Cricket Stadium, Visakhapatnam",0,9.5
Sumit Kumar,"Maharaja Yadavindra Singh International Cricket Stadium, Mullanpur",0,12.75
Suyash Sharma,"Eden Gardens, Kolkata",5,9.18
Suyash Sharma,"M Chinnaswamy Stadium, Bengaluru",3,7.25
Suyash Sharma,"MA Chidambaram Stadium, Chepauk, Chennai",0,9
Suyash Sharma,"Narendra Modi Stadium, Ahmedabad",1,8.5
Suyash Sharma,"Wankhede Stadium, Mumbai",2,6.75
Swapnil Singh,"Bharat Ratna Shri Atal Bihari Vajpayee Ekana Cricket Stadium, Lucknow",0,11
Swapnil Singh,"Himachal Pradesh Cricket Association Stadium, Dharamsala",2,9.33
Swapnil Singh,"M Chinnaswamy Stadium, Bengaluru",1,5.5
Swapnil Singh,"Narendra Modi Stadium, Ahmedabad",1,8.17
Swapnil Singh,"Rajiv Gandhi International Stadium, Uppal, Hyderabad",2,12.67
T Natarajan,"Arun Jaitley Stadium, Delhi",5,6.5
T Natarajan,"Bharat Ratna Shri Atal Bihari Vajpayee Ekana Cricket Stadium, Lucknow",0,7.67
T Natarajan,"Eden Gardens, Kolkata",4,10.25
T Natarajan,"M Chinnaswamy Stadium, Bengaluru",1,11
T Natarajan,"MA Chidambaram Stadium, Chepauk, Chennai",2,8.89
T Natarajan,"Maharaja Yadavindra Singh International Cricket Stadium, Mullanpur",1,8.25
T Natarajan,"Narendra Modi Stadium, Ahmedabad",2,8
T Natarajan,"Rajiv Gandhi International Stadium, Uppal, Hyderabad",18,9.09
T Natarajan,"Sawai Mansingh Stadium, Jaipur",0,9
T Natarajan,"Wankhede Stadium, Mumbai",0,9.3
T Stubbs,"Arun Jaitley Stadium, Delhi",1,4
T Stubbs,"MA Chidambaram Stadium, Chepauk, Chennai",1,7
T Stubbs,"Narendra Modi Stadium, Ahmedabad",1,10
TA Boult,"Arun Jaitley Stadium, Delhi",1,12
TA Boult,"Barsapara Cricket Stadium, Guwahati",4,8.36
TA Boult,"Bharat Ratna Shri Atal Bihari Vajpayee Ekana Cricket Stadium, Lucknow",1,8.75
TA Boult,"Eden Gardens, Kolkata",3,6.71
TA Boult,"Himachal Pradesh Cricket Association Stadium, Dharamsala",1,8.5
TA Boult,"M Chinnaswamy Stadium, Bengaluru",2,9
TA Boult,"MA Chidambaram Stadium, Chepauk, Chennai",3,10.42
TA Boult,"Maharaja Yadavindra Singh International Cricket Stadium, Mullanpur",1,4.75
TA Boult,"Narendra Modi Stadium, Ahmedabad",2,7.75
TA Boult,"Rajiv Gandhi International Stadium, Uppal, Hyderabad",2,6.62
TA Boult,"Sawai Mansingh Stadium, Jaipur",5,7.74
TA Boult,"Wankhede Stadium, Mumbai",4,8
TG Southee,"Eden Gardens, Kolkata",0,12.5
TG Southee,"Punjab Cricket Association IS Bindra Stadium, Mohali, Chandigarh",2,13.5
TM Head,"Narendra Modi Stadium, Ahmedabad",0,19.2
TU Deshpande,"Arun Jaitley Stadium, Delhi",1,6.75
TU Deshpande,"Bharat Ratna Shri Atal Bihari Vajpayee Ekana Cricket Stadium, Lucknow",0,7.8
TU Deshpande,"Dr. Y.S. Rajasekhara Reddy ACA-VDCA Cricket Stadium, Visakhapatnam",0,5.5
TU Deshpande,"Eden Gardens, Kolkata",2,10
TU Deshpande,"Himachal Pradesh Cricket Association Stadium, Dharamsala",2,8.5
TU Deshpande,"M Chinnaswamy Stadium, Bengaluru",4,11.38
TU Deshpande,"MA Chidambaram Stadium, Chepauk, Chennai",25,8.65
TU Deshpande,"Narendra Modi Stadium, Ahmedabad",3,12
TU Deshpande,"Rajiv Gandhi International Stadium, Uppal, Hyderabad",0,11.5
TU Deshpande,"Sawai Mansingh Stadium, Jaipur",2,10.5
TU Deshpande,"Wankhede Stadium, Mumbai",3,8.57
Tilak Varma,"Arun Jaitley Stadium, Delhi",0,6
Tilak Varma,"Sawai Mansingh Stadium, Jaipur",0,12
UT Yadav,"Arun Jaitley Stadium, Delhi",0,6
UT Yadav,"Bharat Ratna Shri Atal Bihari Vajpayee Ekana Cricket Stadium, Lucknow",2,7.33
UT Yadav,"Eden Gardens, Kolkata",0,11.62
UT Yadav,"M Chinnaswamy Stadium, Bengaluru",0,19
UT Yadav,"MA Chidambaram Stadium, Chepauk, Chennai",0,13
UT Yadav,"Narendra Modi Stadium, Ahmedabad",6,9.27
UT Yadav,"Punjab Cricket Association IS Bindra Stadium, Mohali, Chandigarh",1,6.75
UT Yadav,"Sawai Mansingh Stadium, Jaipur",1,11.25
UT Yadav,"Wankhede Stadium, Mumbai",0,9.5
Umran Malik,"Arun Jaitley Stadium, Delhi",0,22
Umran Malik,"Bharat Ratna Shri Atal Bihari Vajpayee Ekana Cricket Stadium, Lucknow",1,7
Umran Malik,"Eden Gardens, Kolkata",1,18
Umran Malik,"MA Chidambaram Stadium, Chepauk, Chennai",1,6
Umran Malik,"Rajiv Gandhi International Stadium, Uppal, Hyderabad",3,9.1
Umran Malik,"Wankhede Stadium, Mumbai",0,14
V Kaverappa,"Himachal Pradesh Cricket Association Stadium, Dharamsala",2,9
V Viyaskanth,"Narendra Modi Stadium, Ahmedabad",0,11
V Viyaskanth,"Rajiv Gandhi International Stadium, Uppal, Hyderabad",1,8.5
VG Arora,"Bharat Ratna Shri Atal Bihari Vajpayee Ekana Cricket Stadium, Lucknow",0,10
VG Arora,"Dr. Y.S. Rajasekhara Reddy ACA-VDCA Cricket Stadium, Visakhapatnam",3,6
VG Arora,"Eden Gardens, Kolkata",6,9.39
VG Arora,"M Chinnaswamy Stadium, Bengaluru",0,11
VG Arora,"MA Chidambaram Stadium, Chepauk, Chennai",4,7.09
VG Arora,"Narendra Modi Stadium, Ahmedabad",1,5
VG Arora,"Rajiv Gandhi International Stadium, Uppal, Hyderabad",2,7.33
VG Arora,"Wankhede Stadium, Mumbai",0,11
VR Iyer,"Dr. Y.S. Rajasekhara Reddy ACA-VDCA Cricket Stadium, Visakhapatnam",0,28
Vijaykumar Vyshak,"M Chinnaswamy Stadium, Bengaluru",12,9.8
Vijaykumar Vyshak,"Punjab Cricket Association IS Bindra Stadium, Mohali, Chandigarh",2,9.33
Vijaykumar Vyshak,"Wankhede Stadium, Mumbai",3,10.17
Vivrant Sharma,"Sawai Mansingh Stadium, Jaipur",0,8.5
Vivrant Sharma,"Wankhede Stadium, Mumbai",0,11
WD Parnell,"M Chinnaswamy Stadium, Bengaluru",5,10.15
WD Parnell,"Punjab Cricket Association IS Bindra Stadium, Mohali, Chandigarh",1,10.67
WD Parnell,"Rajiv Gandhi International Stadium, Uppal, Hyderabad",0,8.75
WD Parnell,"Sawai Mansingh Stadium, Jaipur",3,3.33
WG Jacks,"Himachal Pradesh Cricket Association Stadium, Dharamsala",0,5
WG Jacks,"M Chinnaswamy Stadium, Bengaluru",0,11.5
WG Jacks,"Rajiv Gandhi International Stadium, Uppal, Hyderabad",1,11.5
WG Jacks,"Wankhede Stadium, Mumbai",1,12
Washington Sundar,"Arun Jaitley Stadium, Delhi",1,23
Washington Sundar,"Bharat Ratna Shri Atal Bihari Vajpayee Ekana Cricket Stadium, Lucknow",0,11
Washington Sundar,"Eden Gardens, Kolkata",0,10
Washington Sundar,"MA Chidambaram Stadium, Chepauk, Chennai",0,6
Washington Sundar,"Narendra Modi Stadium, Ahmedabad",0,9
Washington Sundar,"Rajiv Gandhi International Stadium, Uppal, Hyderabad",3,8.25
YS Chahal,"Arun Jaitley Stadium, Delhi",1,12
YS Chahal,"Barsapara Cricket Stadium, Guwahati",6,8.75
YS Chahal,"Bharat Ratna Shri Atal Bihari Vajpayee Ekana Cricket Stadium, Lucknow",0,10
YS Chahal,"Eden Gardens, Kolkata",5,9.75
YS Chahal,"Himachal Pradesh Cricket Association Stadium, Dharamsala",0,9.75
YS Chahal,"M Chinnaswamy Stadium, Bengaluru",2,6.5
YS Chahal,"MA Chidambaram Stadium, Chepauk, Chennai",3,6.58
YS Chahal,"Maharaja Yadavindra Singh International Cricket Stadium, Mullanpur",2,7.25
YS Chahal,"Narendra Modi Stadium, Ahmedabad",2,9.75
YS Chahal,"Rajiv Gandhi International Stadium, Uppal, Hyderabad",4,9.75
YS Chahal,"Sawai Mansingh Stadium, Jaipur",12,8.76
YS Chahal,"Wankhede Stadium, Mumbai",3,6.29
Yash Dayal,"Arun Jaitley Stadium, Delhi",0,12
Yash Dayal,"Eden Gardens, Kolkata",2,13.92
Yash Dayal,"Himachal Pradesh Cricket Association Stadium, Dharamsala",0,10.5
Yash Dayal,"M Chinnaswamy Stadium, Bengaluru",12,8.34
Yash Dayal,"MA Chidambaram Stadium, Chepauk, Chennai",1,9.33
Yash Dayal,"Narendra Modi Stadium, Ahmedabad",1,11.06
Yash Dayal,"Rajiv Gandhi International Stadium, Uppal, Hyderabad",1,5
Yash Dayal,"Sawai Mansingh Stadium, Jaipur",1,9.25
Yash Thakur,"Bharat Ratna Shri Atal Bihari Vajpayee Ekana Cricket Stadium, Lucknow",13,9.19
Yash Thakur,"Eden Gardens, Kolkata",3,11
Yash Thakur,"M Chinnaswamy Stadium, Bengaluru",2,9.75
Yash Thakur,"MA Chidambaram Stadium, Chepauk, Chennai",4,9.5
Yash Thakur,"Narendra Modi Stadium, Ahmedabad",0,11.75
Yash Thakur,"Punjab Cricket Association IS Bindra Stadium, Mohali, Chandigarh",4,9.65
Yash Thakur,"Rajiv Gandhi International Stadium, Uppal, Hyderabad",1,11.1
Yash Thakur,"Sawai Mansingh Stadium, Jaipur",0,13.67
Yudhvir Singh,"Arun Jaitley Stadium, Delhi",0,14
Yudhvir Singh,"Bharat Ratna Shri Atal Bihari Vajpayee Ekana Cricket Stadium, Lucknow",3,8.8
Yudhvir Singh,"Rajiv Gandhi International Stadium, Uppal, Hyderabad",1,8.33
Yudhvir Singh,"Sawai Mansingh Stadium, Jaipur",0,11
